Waterbody Official,Waterbody,ATS,Species,Strain* Genotype**,,Average,Number,Stocking Date
Unnamed,Nose Creek Pond,NE1-27-1-W5,RNTR,Trout/Lodge/Kamloops,AF3N,21,350,2025-05-15
Unnamed,Nose Creek Pond,NE1-27-1-W5,RNTR,Trout/Lodge/Kamloops,AF3N,30,50,2025-05-15
Unnamed,Lodgepole Pond,NE1-48-10-W5,RNTR,Riverence,AF3N,20,200,2025-05-27
Grande Cache Lake,,NE1-57-8-W6,RNTR,Riverence,AF3N,12,15000,2025-05-14
Grande Cache Lake,,NE1-57-8-W6,RNTR,Campbell Lake,3N,20.5,10037,2025-06-19
Grande Cache Lake,,NE1-57-8-W6,RNTR,Campbell Lake,3N,20.4,15000,2025-09-17
Payne Lake,Mami Lake,NE10-2-28-W4,RNTR,Trout/Lodge/Jumpers,AF3N,20,2487,2025-04-14
Payne Lake,Mami Lake,NE10-2-28-W4,RNTR,Trout/Lodge/Jumpers,AF3N,20,10913,2025-04-15
Payne Lake,Mami Lake,NE10-2-28-W4,RNTR,Riverence,AF3N,11.2,63037,2025-04-15
Payne Lake,Mami Lake,NE10-2-28-W4,RNTR,Trout/Lodge/Kamloops,AF3N,15.9,32000,2025-04-22
Payne Lake,Mami Lake,NE10-2-28-W4,RNTR,Trout/Lodge/Kamloops,AF3N,15.7,25033,2025-05-09
Payne Lake,Mami Lake,NE10-2-28-W4,RNTR,Campbell Lake,3N,20,24718,2025-09-16
Payne Lake,Mami Lake,NE10-2-28-W4,RNTR,Campbell Lake,3N,19.5,7732,2025-09-22
Payne Lake,Mami Lake,NE10-2-28-W4,RNTR,Campbell Lake,3N,19.7,7419,2025-09-22
Payne Lake Mami Lake,,NE10-2-28-W4,RNTR,Campbell Lake,3N,19.7,9288,2025-09-22
Payne Lake Mami Lake,,NE10-2-28-W4,RNTR,Campbell Lake,3N,19.8,7371,2025-09-22
Payne Lake Mami Lake,,NE10-2-28-W4,RNTR,Campbell Lake,3N,16.5,10190,2025-09-22
Payne Lake Mami Lake,,NE10-2-28-W4,RNTR,Riverence,AF3N,7.9,8362,2025-09-22
Payne Lake Mami Lake,,NE10-2-28-W4,RNTR,Campbell Lake,3N,20.1,12465,2025-10-06
Payne Lake Mami Lake,,NE10-2-28-W4,RNTR,Campbell Lake,3N,16.9,20137,2025-10-06
Payne Lake Mami Lake,,NE10-2-28-W4,RNTR,Campbell Lake,3N,20.1,2207,2025-10-06
Payne Lake Mami Lake,,NE10-2-28-W4,RNTR,Campbell Lake,3N,17,20047,2025-10-07
Lake Of Falls,,NE10-36-19-W5,CTTR,Allison Creek,2N,4.7,2627,2025-09-25
Unnamed,Gibbons Pond,NE10-56-23-W4,RNTR,Trout/Lodge/Kamloops,AF3N,20.6,300,2025-05-29
Unnamed,Gibbons Pond,NE10-56-23-W4,RNTR,Trout/Lodge/Kamloops,AF3N,32,25,2025-05-29
Unnamed,Tamarack Lake,NE10-66-12-W5,RNTR,Trout/Lodge/Jumpers,AF3N,5.9,8000,2025-09-18
Beaver Mines Lake,,NE11-5-3-W5,CTTR,Allison Creek,2N,12.3,16000,2025-04-25
Beaver Mines Lake,,NE11-5-3-W5,CTTR,Allison Creek,2N,37.8,200,2025-06-26
Unnamed,Fiesta Lake,NE12-35-6-W5,RNTR,Riverence,AF3N,20,550,2025-05-14
Cow Lake,,NE12-38-8-W5,BNTR,Bow River,3N,18.7,5000,2025-05-02
Cow Lake,,NE12-38-8-W5,RNTR,Riverence,AF3N,20.1,4032,2025-05-01
Cow Lake,,NE12-38-8-W5,RNTR,Riverence,AF3N,20.1,5411,2025-05-01
Cow Lake,,NE12-38-8-W5,RNTR,Riverence,AF3N,11.4,15332,2025-05-01
Cow Lake,,NE12-38-8-W5,RNTR,Riverence,AF3N,20,4557,2025-05-02
Cow Lake,,NE12-38-8-W5,RNTR,Trout,AF3N,17.1,16000,2025-05-23
Unnamed,Spring Coulee,NE12-5-24-W4,RNTR,Trout/Lodge/Jumpers,AF3N,20,2500,2025-04-16
Edith Lake,,NE13-67-10-W5,BKTR,Beitty Resort,3N,19.1,2100,2025-05-22
Unnamed,Sibbald Lake,NE14-24-7-W5,RNTR,Trout/Lodge/Jumpers,AF3N,29.1,421,2025-10-03
Unnamed,Sibbald Lake,NE14-24-7-W5,RNTR,Trout/Lodge/Jumpers,AF3N,20.4,579,2025-10-03
Goldeye Lake,,NE14-40-16-W5,RNTR,Trout,AF3N,18.2,2250,2025-05-23
Goldeye Lake,,NE14-40-16-W5,RNTR,Trout,AF3N,18.4,10000,2025-06-02
Frog Lake,,NE14-57-3-W4,WALL,Lac Ste. Anne,2N,0.4,1678203,2025-05-27
Frog Lake,,NE14-57-3-W4,WALL,Lac Ste. Anne,2N,0.4,3005431,2025-05-28
Frog Lake,,NE14-57-3-W4,WALL,Lac Ste. Anne,2N,0.4,725182,2025-05-31
Unnamed,Pine Coulee,NE15-14-28-W4,RNTR,Riverence,AF3N,20.1,5000,2025-04-17
Unnamed,Pine Coulee,NE15-14-28-W4,RNTR,Campbell Lake,3N,20.2,5000,2025-09-23
Unnamed,Bow City East,NE15-17-17-W4,RNTR,Trout/Lodge/Kamloops,AF3N,20.3,2000,2025-04-18
Unnamed,Brooks Aquaduct,NE15-18-14-W4,RNTR,Riverence,AF2N,20,10000,2025-04-16
Peanut Lake,,NE15-58-3-W5,BKTR,Beitty Resort,3N,19.5,5000,2025-04-30
Peanut Lake,,NE15-58-3-W5,RNTR,Campbell Lake,2N,20.4,13200,2025-10-08
Peanut Lake,,NE15-58-3-W5,RNTR,Campbell Lake,3N,20.4,3000,2025-10-08
Burstall Lakes,Lower Burstall,NE16-21-10-W5,CTTR,Allison Creek,2N,4.2,1300,2025-09-09
Beaver Lake,,NE16-35-6-W5,RNTR,Riverence,AF3N,20.5,2500,2025-05-07
Beaver Lake,,NE16-35-6-W5,TGTR,Beitty/Bow River,3N,30.6,1000,2025-10-01
Beaver Lake,,NE16-35-6-W5,TGTR,Beitty/Bow River,3N,10.6,800,2025-10-01
Unnamed,Boyle Pond,NE16-64-19-W4,RNTR,Riverence,AF2N,24.2,2200,2025-05-23
Unnamed,Nardam Lake,NE17-78-5-W6,RNTR,Campbell Lake,2N,20.6,500,2025-05-21
Unnamed,Highway 686,NE17-85-19-W5,RNTR,Campbell Lake,2N,20.8,500,2025-05-13
Unnamed,Boulder Lake,NE18-39-27-W4,RNTR,Trout/Lodge/Kamloops,AF3N,20.3,1200,2025-04-30
Unnamed,Boulder Lake,NE18-39-27-W4,TGTR,Beitty/Bow River,3N,20.3,200,2025-04-30
Unnamed,Boulder Lake,NE18-39-27-W4,RNTR,Trout/Lodge/Kamloops,AF3N,23.1,1000,2025-09-17
Unnamed,Hermitage Park,NE18-53-23-W4,BNTR,Bow River,3N,19.4,300,2025-05-07
Unnamed,Hermitage Park,NE18-53-23-W4,RNTR,Trout/Lodge/Jumpers,AF3N,20.1,1395,2025-05-07
Unnamed,Hermitage Park,NE18-53-23-W4,RNTR,Trout/Lodge/Jumpers,AF3N,20.6,1000,2025-06-05
Unnamed,Hermitage Park,NE18-53-23-W4,RNTR,Trout/Lodge/Kamloops,AF3N,20.3,2300,2025-06-10
Unnamed,Kerbe's Pond,NE19-36-20-W4,RNTR,Riverence,AF3N,23.7,1000,2025-05-12
Unnamed,Kerbe's Pond,NE19-36-20-W4,TGTR,Beitty/Bow River,3N,19.8,1000,2025-05-12
Unnamed,Kerbe's Pond,NE19-36-20-W4,BNTR,Bow River,3N,19.8,250,2025-05-12
Star Lake,,NE19-52-2-W5,RNTR,Riverence,AF2N,20.2,8040,2025-04-28
Star Lake,,NE19-52-2-W5,BNTR,Bow River,3N,18.8,1000,2025-04-28
Star Lake,,NE19-52-2-W5,TGTR,Beitty/Bow River,3N,19.6,1000,2025-04-28
Unnamed,Jarvis Creek,NE19-52-26-W5,RNTR,Riverence,AF3N,23.3,700,2025-05-14
Two Lakes,North Two Lake,NE20-62-12-W6,RNTR,Trout/Lodge/Kamloops,AF3N,18.4,7200,2025-05-28
Unnamed,Figure Eight Lake,NE20-84-25-W5,RNTR,Campbell Lake,3N,20.3,9000,2025-05-15
Unnamed,Valleyview,NE21-70-22-W5,RNTR,Riverence,AF2N,23.6,500,2025-05-12
Unnamed,Gooseberry Park,NE22-36-6-W4,RNTR,Trout/Lodge/Kamloops,AF3N,20.4,3000,2025-05-06
West Rivers Edge,Fort Lions Park,NE23-54-23-W4,RNTR,Trout,AF3N,20.1,800,2025-05-06
West Rivers Edge,Fort Lions Park,NE23-54-23-W4,TGTR,Beitty/Bow River,3N,20.4,200,2025-05-06
West Rivers Edge,Fort Lions Park,NE23-54-23-W4,BNTR,Bow River,3N,19.1,250,2025-05-06
West Rivers Edge,Fort Lions Park,NE23-54-23-W4,TGTR,Beitty/Bow River,3N,20.4,250,2025-05-12
West Rivers Edge,Fort Lions Park,NE23-54-23-W4,RNTR,Trout,AF3N,20.6,1000,2025-05-29
West Rivers Edge,Fort Lions Park,NE23-54-23-W4,RNTR,Trout,AF3N,32,50,2025-05-29
Unnamed,Burn's Reservoir,NE23-6-30-W4,CTTR,Allison Creek,2N,13.2,1000,2025-05-16
Unnamed,Spring Lake,NE23-75-11-W6,RNTR,Campbell Lake,3N,21.7,3840,2025-05-15
Unnamed,Spring Lake,NE23-75-11-W6,RNTR,Campbell Lake,3N,20,2560,2025-05-15
Unnamed,Wetaskiwin Pond,NE24-46-24-W4,RNTR,Trout/Lodge/Jumpers,AF3N,20.1,150,2025-05-10
Unnamed,Wetaskiwin Pond,NE24-46-24-W4,BKTR,Beitty Resort,3N,19.6,250,2025-05-10
Unnamed,Rainbow Lake,NE25-109-9-W6,RNTR,Riverence,AF2N,23.6,500,2025-05-13
Mitchell Lake,,NE25-37-8-W5,RNTR,Trout/Lodge/Jumpers,AF3N,20.1,2000,2025-05-06
Mitchell Lake,,NE25-37-8-W5,BNTR,Bow River,3N,18.8,500,2025-05-06
Mitchell Lake,,NE25-37-8-W5,TGTR,Beitty/Bow River,3N,30.6,1200,2025-09-16
Mitchell Lake,,NE25-37-8-W5,TGTR,Beitty/Bow River,3N,10.9,1000,2025-09-16
Parlby Reservoir,Tees Fish Pond,NE25-40-24-W4,RNTR,Trout/Lodge/Kamloops,AF3N,20.4,400,2025-05-06
Unnamed,Open Creek,NE25-42-6-W5,RNTR,Riverence,AF2N,20.3,6000,2025-05-10
Unnamed,Lara Fish Pond,NE25-61-5-W4,RNTR,Campbell Lake,2N,23.8,200,2025-09-25
Unnamed,Shuster Lake,NE26-43-5-W4,BKTR,Beitty Resort,3N,19.6,6000,2025-05-01
Unnamed,Bud Miller Park,NE26-49-1-W4,RNTR,Riverence,AF2N,23.5,1500,2025-05-02
Unnamed,Leduc Reservoir,NE27-49-25-W4,RNTR,Riverence,AF2N,20.2,1181,2025-04-25
Unnamed,Leduc Reservoir,NE27-49-25-W4,RNTR,Riverence,AF2N,21,3819,2025-04-25
Pinehurst Lake,,NE27-65-10-W4,WALL,Ethel Lake,2N,0.4,918256,2025-05-30
Pinehurst Lake,,NE27-65-10-W4,WALL,Ethel Lake,2N,0.4,1035348,2025-05-31
Pinehurst Lake,,NE27-65-10-W4,WALL,Ethel Lake,2N,0.4,181675,2025-06-03
Pinehurst Lake,,NE27-65-10-W4,WALL,Ethel Lake,2N,0.4,349736,2025-06-05
Sauer Lake,,NE28-53-1-W5,RNTR,Riverence,AF2N,20.3,6000,2025-05-05
Unnamed,Hansen's,NE29-38-3-W5,RNTR,Trout/Lodge/Kamloops,AF3N,24,500,2025-10-14
Unnamed,Atlantic Richfield,NE29-67-9-W5,RNTR,Campbell Lake,2N,22.5,1800,2025-06-11
Twin Lakes,East Twin Lake,NE29-97-22-W5,RNTR,Campbell Lake,2N,20.6,4200,2025-05-21
Twin Lakes,East Twin Lake,NE29-97-22-W5,TGTR,Beitty/Bow River,3N,23.9,1000,2025-05-21
Twin Lakes,East Twin Lake,NE29-97-22-W5,RNTR,Campbell Lake,2N,20.4,4200,2025-09-15
Unnamed,Wallace Park,NE31-44-6-W4,RNTR,Trout/Lodge/Kamloops,AF3N,21,500,2025-05-13
Rainbow Park Pond Westlock,,NE31-59-25-W4,RNTR,Trout,AF3N,21,1200,2025-05-14
Montaganeusse Lake,Stoney Lake,NE31-86-3-W6,RNTR,Trout/Lodge/Kamloops,AF3N,17.7,10000,2025-05-20
Montaganeusse Lake,Stoney Lake,NE31-86-3-W6,TGTR,Beitty/Bow River,3N,23.9,1975,2025-05-20
Unnamed,Lougheed Trout,NE33-43-11-W4,RNTR,Trout/Lodge/Kamloops,AF3N,21,600,2025-05-13
Unnamed,Castaway Trout,NE35-47-13-W4,RNTR,Trout/Lodge/Kamloops,AF3N,21,350,2025-05-13
Unnamed,Castaway Trout,NE35-47-13-W4,RNTR,Trout/Lodge/Kamloops,AF3N,21,1100,2025-05-13
Unnamed,Whitecourt Town,NE35-59-12-W5,RNTR,Riverence,AF2N,23.6,1500,2025-05-12
Unnamed,Mile 07 Lake,NE35-69-14-W4,RNTR,Campbell Lake,2N,20,11000,2025-05-05
Unnamed,Highway 63 Pond,NE35-87-9-W4,RNTR,Campbell Lake,2N,21,1000,2025-05-08
Dillberry Lake,,NE36-41-1-W4,RNTR,Pit Lakes,2N,21.4,8000,2025-05-02
Dillberry Lake,,NE36-41-1-W4,RNTR,Campbell Lake,2N,20.7,7000,2025-05-03
Dillberry Lake,,NE36-41-1-W4,RNTR,Campbell Lake,2N,19.9,5000,2025-09-25
Dillberry Lake,,NE36-41-1-W4,TGTR,Beitty/Bow River,3N,22.9,3500,2025-05-02
Claude N. Brennan Vermilion Park,,NE36-50-7-W4,RNTR,Trout,AF3N,21,1250,2025-05-13
Kehiwin Lake,Kehewin Lake,NE36-58-7-W4,WALL,Ethel Lake,2N,0.4,530560,2025-06-03
Chain Lakes Reservoir,,NE4-15-2-W5,RNTR,Riverence,AF3N,20.2,15348,2025-04-23
Chain Lakes Reservoir,,NE4-15-2-W5,RNTR,Trout/Lodge/Kamloops,AF3N,17.5,2702,2025-04-30
Chain Lakes Reservoir,,NE4-15-2-W5,RNTR,Trout/Lodge/Kamloops,AF3N,16.3,29304,2025-04-30
Chain Lakes Reservoir,,NE4-15-2-W5,CTTR,Allison Creek,2N,37.8,425,2025-06-24
Chain Lakes Reservoir,,NE4-15-2-W5,RNTR,Campbell Lake,3N,20,24836,2025-09-11
Chain Lakes Reservoir,,NE4-15-2-W5,RNTR,Campbell Lake,3N,20.4,20164,2025-09-15
Chain Lakes Reservoir,,NE4-15-2-W5,RNTR,Trout/Lodge/Jumpers,AF3N,6.4,9401,2025-09-22
Chain Lakes Reservoir,,NE4-15-2-W5,RNTR,Campbell Lake,3N,19.8,10611,2025-10-08
Chain Lakes Reservoir,,NE4-15-2-W5,RNTR,Campbell Lake,3N,19.8,10747,2025-10-09
Chain Lakes Reservoir,,NE4-15-2-W5,RNTR,Trout,AF3N,8.6,3957,2025-10-21
Unnamed,Pit 24,NE4-47-19-W5,RNTR,Trout/Lodge/Jumpers,AF3N,21.2,750,2025-05-27
Chatwin Lake,,NE4-61-6-W4,RNTR,Campbell Lake,2N,20.2,2000,2025-05-07
Chatwin Lake,,NE4-61-6-W4,RNTR,Campbell Lake,2N,20.5,8000,2025-05-30
Gap Lake,,NE5-39-13-W5,CTTR,Allison Creek,2N,4.7,1335,2025-09-25
Unnamed,Ponoka,NE5-43-25-W4,RNTR,Trout/Lodge/Kamloops,AF3N,20.4,1000,2025-05-05
Unnamed,Ponoka,NE5-43-25-W4,TGTR,Beitty/Bow River,3N,19.6,100,2025-05-09
Michel Reservoir,Michel Creek,NE5-7-3-W4,RNTR,Riverence,AF2N,20.3,7500,2025-05-08
Michel Reservoir,Michel Creek,NE5-7-3-W4,BNTR,Bow River,3N,19.4,1500,2025-05-08
Outpost Lake,Police Lake,NE6-1-26-W4,RNTR,Riverence,AF3N,23.1,2500,2025-04-16
Outpost Lake,Police Lake,NE6-1-26-W4,RNTR,Riverence,AF3N,20,2500,2025-04-16
Obstruction Lakes,,NE6-40-20-W5,CTTR,Allison Creek,2N,4.7,1068,2025-09-25
Unnamed,Fort,NE6-54-20-W4,RNTR,Trout/Lodge/Kamloops,AF3N,20.6,2000,2025-05-29
Unnamed,Twin Valley,NE7-15-25-W4,WALL,Lac Ste. Anne,2N,0.4,1000000,2025-06-05
Landslide Lake,,NE7-36-18-W5,CTTR,Allison Creek,2N,4.7,4007,2025-09-25
Two Lakes,South Two Lake,NE7-62-12-W6,CTTR,Allison Creek,2N,13.4,2000,2025-05-27
Two Lakes,South Two Lake,NE7-62-12-W6,CTTR,Allison Creek,2N,19.3,2500,2025-09-25
Crowsnest Lake,,NE8-8-5-W5,CTTR,Allison Creek,2N,12.3,7000,2025-04-25
Crowsnest Lake,,NE8-8-5-W5,CTTR,Allison Creek,2N,20,2600,2025-09-16
Unnamed,Daysland Pond,NE9-45-16-W4,RNTR,Trout/Lodge/Jumpers,AF3N,20.3,400,2025-04-25
Unnamed,Silkstone Lake,NE9-47-19-W5,RNTR,Trout/Lodge/Jumpers,AF3N,21.2,1300,2025-05-27
Unnamed,Dandurand Lake,NE9-53-19-W5,RNTR,Trout/Lodge/Jumpers,AF3N,21.2,1000,2025-05-28
Sandy Lake,,NE9-79-22-W4,WALL,Graham Lake,2N,0.4,3208231,2025-06-08
Unnamed,Taber Trout Pond,NW1-10-17-W4,RNTR,Trout/Lodge/Kamloops,AF3N,21,2500,2025-05-15
Unnamed,Taber Trout Pond,NW1-10-17-W4,RNTR,Trout/Lodge/Kamloops,AF3N,30,50,2025-05-15
Unnamed,Taber Trout Pond,NW1-10-17-W4,RNTR,Trout/Lodge/Kamloops,AF3N,20.6,2500,2025-06-04
Unnamed,Big Iron Lake,NW1-15-4-W5,TGTR,Beitty/Bow River,3N,21.2,750,2025-06-03
Shark Lake,,NW1-22-11-W5,CTTR,Allison Creek,2N,4.2,500,2025-09-09
Unnamed,Diplomat Mine,NW1-41-16-W4,RNTR,Riverence,AF2N,20,5000,2025-04-16
Unnamed,Diplomat Mine,NW1-41-16-W4,TGTR,Beitty/Bow River,3N,20,520,2025-04-16
Unnamed,Diplomat Mine,NW1-41-16-W4,TGTR,Beitty/Bow River,3N,18.6,980,2025-04-16
Unnamed,Genesee Trout,NW1-51-3-W5,RNTR,Riverence,AF3N,23.7,500,2025-05-05
Unnamed,Ardmore,NW1-62-4-W4,RNTR,Riverence,AF2N,22.8,400,2025-04-28
Unnamed,Ardmore,NW1-62-4-W4,RNTR,Campbell Lake,2N,23.8,200,2025-09-25
Unnamed,Lovett Lake,NW10-47-19-W5,RNTR,Trout/Lodge/Jumpers,AF3N,21.2,1000,2025-05-27
Unnamed,Mound Red,NW11-45-28-W4,RNTR,Trout/Lodge/Kamloops,AF3N,20.4,3000,2025-05-08
Unnamed,Mound Red,NW11-45-28-W4,RNTR,Trout/Lodge/Kamloops,AF3N,30,50,2025-05-08
Unnamed,Black Nugget,NW11-49-18-W4,TGTR,Beitty/Bow River,3N,19.8,5000,2025-04-23
Unnamed,Black Nugget,NW11-49-18-W4,RNTR,Campbell Lake,2N,20.4,6571,2025-04-28
Unnamed,Black Nugget,NW11-49-18-W4,RNTR,Campbell Lake,2N,20.4,5929,2025-04-28
Jane Lake,,NW11-68-8-W5,RNTR,Trout,AF3N,5.9,1800,2025-09-18
Unnamed,Severn Creek,NW12-26-22-W4,RNTR,Riverence,AF2N,20,4200,2025-04-17
Unnamed,Severn Creek,NW12-26-22-W4,RNTR,Riverence,AF2N,22.86,1400,2025-04-24
Petite Lake,,NW12-54-26-W5,RNTR,Trout,AF3N,17.7,2000,2025-05-23
Island Lake,,NW12-8-6-W5,CTTR,Allison Creek,2N,12.5,3500,2025-04-30
Unnamed,Dickson Trout,NW13-35-3-W5,RNTR,Riverence,AF3N,20,7462,2025-04-30
Unnamed,Dickson Trout,NW13-35-3-W5,RNTR,Riverence,AF3N,20,6538,2025-04-30
Unnamed,Dickson Trout,NW13-35-3-W5,TGTR,Beitty/Bow River,3N,20.3,1700,2025-04-30
Unnamed,Dickson Trout,NW13-35-3-W5,RNTR,Campbell Lake,3N,19.9,6010,2025-06-18
Unnamed,Dickson Trout,NW13-35-3-W5,RNTR,Campbell Lake,3N,20.4,5000,2025-10-01
Unnamed,Dickson Trout,NW13-35-3-W5,TGTR,Beitty/Bow River,3N,6.9,1311,2025-10-01
Unnamed,Dickson Trout,NW13-35-3-W5,TGTR,Beitty/Bow River,3N,28.4,1172,2025-10-03
Unnamed,Dickson Trout,NW13-35-3-W5,RNTR,Campbell Lake,3N,20.7,5410,2025-10-03
Unnamed,Dickson Trout,NW13-35-3-W5,RNTR,Campbell Lake,3N,25.7,2030,2025-10-03
Unnamed,Fox Creek Trout,NW13-63-20-W5,RNTR,Riverence,AF2N,23.6,500,2025-05-12
Unnamed,Tim Horton,NW14-24-8-W5,CTTR,Allison Creek,2N,13.2,300,2025-05-16
Unnamed,Tim Horton,NW14-24-8-W5,RNTR,Trout/Lodge/Jumpers,AF3N,20.1,300,2025-05-16
Unnamed,County Sportplex,NW14-72-6-W6,RNTR,Riverence,AF2N,23.8,2000,2025-05-21
Margaret Lake,,NW15-28-9-W5,RNTR,Riverence,AF3N,12.6,3100,2025-06-03
Butcher's Lake,,NW15-4-1-W5,BKTR,Beitty Resort,3N,19.8,1500,2025-05-15
Butcher's Lake,,NW15-4-1-W5,BKTR,Beitty Resort,3N,19.8,1500,2025-05-16
Unnamed,Texaco East,NW15-88-8-W4,RNTR,Campbell Lake,2N,21,2700,2025-05-08
Fairfax Lake,,NW17-46-18-W5,RNTR,Trout,AF3N,19.6,10000,2025-06-10
Unnamed,Ashland,NW17-48-3-W5,RNTR,Riverence,AF2N,20.3,8000,2025-05-10
Unnamed,Vegreville,NW17-52-14-W4,RNTR,Trout/Lodge/Kamloops,AF3N,21,600,2025-05-13
Unnamed,Foremost,NW17-6-11-W4,RNTR,Trout/Lodge/Kamloops,AF3N,25,500,2025-10-09
Engstrom Lake,,NW17-83-6-W4,RNTR,Campbell Lake,2N,20,20000,2025-05-08
Engstrom Lake,,NW17-83-6-W4,RNTR,Riverence,AF3N,17.1,4760,2025-09-24
Engstrom Lake,,NW17-83-6-W4,RNTR,Riverence,AF3N,18.4,10170,2025-09-24
Engstrom Lake,,NW17-83-6-W4,RNTR,Riverence,AF3N,17.9,10070,2025-09-24
Mitchell Pond,Waskasoo Park,NW18-38-27-W4,RNTR,Trout/Lodge/Kamloops,AF3N,30,50,2025-05-08
Mitchell Pond,Waskasoo Park,NW18-38-27-W4,RNTR,Trout/Lodge/Kamloops,AF3N,20.4,2100,2025-05-08
Little Bear Lake,Hasse Lake,NW19-64-2-W4,BKTR,Beitty Resort,3N,19.6,2200,2025-05-01
Little Bear Lake,Hasse Lake,NW19-64-2-W4,BNTR,Bow River,3N,18.9,1000,2025-05-01
Little Bear Lake,Hasse Lake,NW19-64-2-W4,RNTR,Campbell Lake,2N,20.5,4000,2025-05-10
Little Bear Lake,Hasse Lake,NW19-64-2-W4,RNTR,Campbell Lake,2N,18.2,2500,2025-05-10
Little Bear Lake,Hasse Lake,NW19-64-2-W4,RNTR,Pit Lakes,2N,23.2,5000,2025-05-10
Little Bear Lake,Hasse Lake,NW19-64-2-W4,TGTR,Bow River,3N,22.7,2000,2025-05-10
Little Bear Lake,Hasse Lake,NW19-64-2-W4,RNTR,Campbell Lake,3N,25.9,2159,2025-10-14
Unnamed,Winchell Lake,NW2-29-5-W5,RNTR,Riverence,AF3N,20,4000,2025-05-07
Unnamed,Winchell Lake,NW2-29-5-W5,RNTR,Riverence,AF3N,19.9,2760,2025-10-09
Unnamed,Winchell Lake,NW2-29-5-W5,RNTR,Riverence,AF3N,26.81,2156,2025-10-09
Mclean Pond,,NW20-22-5-W5,CTTR,Allison Creek,2N,13.2,2300,2025-05-16
Mclean Pond,,NW20-22-5-W5,CTTR,Allison Creek,2N,37.8,200,2025-06-24
Mclean Pond,,NW20-22-5-W5,CTTR,Allison Creek,2N,17.5,2300,2025-07-31
Jack Fish Lake,,NW20-53-9-W4,RNTR,Campbell Lake,2N,20.4,5000,2025-05-03
Jack Fish Lake,,NW20-53-9-W4,TGTR,Beitty/Bow River,3N,22.5,1000,2025-05-03
Unnamed,South Heart,NW20-77-17-W5,WALL,Rock Island,2N,0.4,1788736,2025-06-01
Unnamed,South Heart,NW20-77-17-W5,WALL,Rock Island,2N,0.4,440563,2025-06-04
Reesor Lake,,NW20-8-1-W4,RNTR,Campbell Lake,2N,20.5,7000,2025-10-06
Reesor Lake,,NW20-8-1-W4,RNTR,Campbell Lake,3N,21.2,5000,2025-10-06
Reesor Lake,,NW20-8-1-W4,RNTR,Pit Lakes,2N,20.3,9000,2025-05-15
Reesor Lake,,NW20-8-1-W4,RNTR,Campbell Lake,2N,19.9,7000,2025-05-15
Reesor Lake,,NW20-8-1-W4,RNTR,Pit Lakes,2N,28,200,2025-09-29
Grotto Mountain Pond,,NW21-24-9-W5,CTTR,Allison Creek,2N,13.2,800,2025-05-16
Grotto Mountain Pond,,NW21-24-9-W5,CTTR,Allison Creek,2N,37.8,100,2025-06-25
Grotto Mountain Pond,,NW21-24-9-W5,CTTR,Allison Creek,2N,17,800,2025-07-31
Upper Kananaskis,,NW23-19-9-W5,CTTR,Allison Creek,2N,15,5000,2025-06-25
Upper Kananaskis,,NW23-19-9-W5,CTTR,Allison Creek,2N,19.8,2300,2025-09-11
Sylvan Lake,,NW23-39-2-W5,WALL,Lac Ste. Anne,2N,0.4,2300000,2025-05-26
Unnamed,Legal Reservoir,NW24-57-25-W4,RNTR,Riverence,AF2N,23.9,1150,2025-05-25
Lower Kananaskis,,NW26-19-9-W5,CTTR,Allison Creek,2N,15,5000,2025-06-25
Lower Kananaskis,,NW26-19-9-W5,CTTR,Allison Creek,2N,19.2,8044,2025-09-18
Champion Lakes Lower Champion,,NW26-21-5-W5,CTTR,Allison Creek,2N,14.1,300,2025-06-03
Champion Lakes Upper Champion,,NW26-21-5-W5,CTTR,Allison Creek,2N,14.1,300,2025-06-03
Unnamed,Machesis Lake,NW27-107-16-W5,RNTR,Campbell Lake,2N,20,4000,2025-05-13
Unnamed,Beaumont Pond,NW27-50-24-W4,RNTR,Trout/Lodge/Kamloops,AF3N,20.4,1000,2025-05-08
Unnamed,Beaumont Pond,NW27-50-24-W4,TGTR,Beitty/Bow River,3N,19.6,200,2025-05-09
Unnamed,Beaumont Pond,NW27-50-24-W4,BNTR,Bow River,3N,19.4,241,2025-05-09
Unnamed,Len Thompson,NW29-40-26-W4,RNTR,Trout/Lodge/Jumpers,AF3N,20.2,1735,2025-05-01
Unnamed,Len Thompson,NW29-40-26-W4,TGTR,Beitty/Bow River,3N,20.3,150,2025-05-01
Unnamed,Len Thompson,NW29-40-26-W4,TGTR,Beitty/Bow River,3N,20.3,500,2025-05-01
Unnamed,Len Thompson,NW29-40-26-W4,RNTR,Trout/Lodge/Kamloops,AF3N,20.3,872,2025-06-11
Unnamed,Len Thompson,NW29-40-26-W4,BNTR,Bow River,2N,33,50,2025-10-01
Peppers Lake,,NW30-35-12-W5,BKTR,Beitty Resort,3N,19.2,4000,2025-05-26
Peppers Lake,,NW30-35-12-W5,RNTR,Trout,AF3N,21.2,2800,2025-05-26
Allstones Lake,,NW30-38-17-W5,BKTR,Beitty Resort,3N,12.1,650,2025-09-25
Captain Eyre Lake,Capt Ayre,NW30-38-5-W4,RNTR,Riverence,AF2N,20.3,5000,2025-05-02
Captain Eyre Lake,Capt Ayre,NW30-38-5-W4,TGTR,Beitty/Bow River,3N,20,2000,2025-05-02
Ole Lake,,NW30-84-12-W6,RNTR,Campbell Lake,2N,20.6,3000,2025-05-21
Unnamed,Granum Pond,NW31-10-26-W4,RNTR,Trout/Lodge/Kamloops,AF3N,20.3,600,2025-05-01
Minnow Lake,,NW31-50-14-W5,WALL,Rock Island,2N,0.4,187000,2025-06-04
Unnamed,Telegraph Park,NW32-48-21-W4,RNTR,Trout/Lodge/Jumpers,AF3N,20.3,1100,2025-04-23
Unnamed,Telegraph Park,NW32-48-21-W4,BKTR,Beitty Resort,3N,20.2,1200,2025-04-23
Unnamed,Telegraph Park,NW32-48-21-W4,BNTR,Bow River,3N,18.8,193,2025-04-23
Unnamed,Telegraph Park,NW32-48-21-W4,RNTR,Trout/Lodge/Jumpers,AF3N,29.1,1000,2025-10-02
Unnamed,Telegraph Park,NW32-48-21-W4,RNTR,Campbell Lake,3N,20.4,1000,2025-10-02
Unnamed,Telegraph Park,NW32-48-21-W4,RNTR,Trout/Lodge/Kamloops,AF3N,23.9,577,2025-10-10
Fickle Lake,,NW32-51-19-W5,WALL,Rock Island,2N,0.4,343980,2025-06-04
Muir Lake,,NW32-53-27-W4,BNTR,Bow River,3N,18.9,500,2025-05-01
Muir Lake,,NW32-53-27-W4,RNTR,Riverence,AF3N,23.1,1500,2025-05-01
Muir Lake,,NW32-53-27-W4,RNTR,Riverence,AF3N,20,1500,2025-05-01
Marigold Lake,,NW32-65-11-W5,BKTR,Beitty Resort,3N,11.7,70000,2025-09-18
Unnamed,Elk Creek Pond,NW33-35-12-W5,RNTR,Riverence,AF3N,20,500,2025-05-26
Unnamed,Heritage Lake,NW33-55-25-W4,BKTR,Beitty Resort,3N,19.6,1600,2025-04-29
Unnamed,Heritage Lake,NW33-55-25-W4,BNTR,Bow River,3N,19.1,1000,2025-04-29
Unnamed,Heritage Lake,NW33-55-25-W4,RNTR,Trout/Lodge/Jumpers,AF3N,20.2,2050,2025-04-29
Unnamed,Heritage Lake,NW33-55-25-W4,RNTR,Trout/Lodge/Kamloops,AF3N,20.3,2000,2025-06-10
Unnamed,Heritage Lake,NW33-55-25-W4,RNTR,Campbell Lake,3N,20.3,340,2025-09-29
Unnamed,Heritage Lake,NW33-55-25-W4,RNTR,Trout/Lodge/Kamloops,AF3N,24.1,2660,2025-09-29
Goose Lake,,NW33-61-8-W5,WALL,Rock Island,2N,0.4,272700,2025-06-01
Unnamed,Oyen (Concrete,NW34-27-4-W4,RNTR,Trout/Lodge/Kamloops,AF3N,20.4,300,2025-05-06
Bear Pond,,NW36-14-4-W5,TGTR,Beitty/Bow River,3N,21.2,750,2025-06-03
Unnamed,Elk Point Pond,NW36-56-7-W4,BKTR,Beitty Resort,3N,20.2,500,2025-04-25
Unnamed,Elk Point Pond,NW36-56-7-W4,RNTR,Riverence,AF2N,22.8,900,2025-04-30
Unnamed,Elk Point Pond,NW36-56-7-W4,TGTR,Beitty/Bow River,3N,22.2,150,2025-04-30
Mary Gregg Lake,,NW4-48-24-W5,RNTR,Trout/Lodge/Kamloops,AF3N,18.1,4000,2025-06-12
Unnamed,Morinville Fish,NW4-56-25-W4,RNTR,Trout/Lodge/Jumpers,AF3N,20.2,1425,2025-04-29
Unnamed,Morinville Fish,NW4-56-25-W4,BNTR,Bow River,3N,19,100,2025-04-29
Unnamed,Morinville Fish,NW4-56-25-W4,RNTR,Trout/Lodge/Jumpers,AF3N,29.1,1100,2025-10-03
Unnamed,Corner Lake,NW4-6-20-W4,RNTR,Trout/Lodge/Jumpers,AF3N,20.4,5000,2025-04-10
Unnamed,Corner Lake,NW4-6-20-W4,RNTR,Pit Lakes,2N,28,50,2025-09-29
Unnamed,Corner Lake,NW4-6-20-W4,RNTR,Campbell Lake,3N,20.4,3609,2025-10-01
Unnamed,Corner Lake,NW4-6-20-W4,RNTR,Campbell Lake,3N,20.4,1391,2025-10-01
Muskiki Lake,,NW5-45-20-W5,CTTR,Allison Creek,2N,13.4,2500,2025-05-26
Muskiki Lake,,NW5-45-20-W5,CTTR,Allison Creek,2N,19.2,2000,2025-09-17
Unnamed,Lacombe Park,NW5-54-25-W4,RNTR,Trout/Lodge/Jumpers,AF3N,20.3,500,2025-05-12
Unnamed,Lacombe Park,NW5-54-25-W4,BKTR,Beitty Resort,3N,19.4,600,2025-05-12
Unnamed,Mayan Lake,NW5-57-23-W5,RNTR,Trout/Lodge/Kamloops,AF3N,18.2,2000,2025-06-09
Lac La Biche Trout,Alexander,NW5-67-13-W4,RNTR,Riverence,AF2N,22.8,600,2025-05-01
Lac La Biche Trout,Alexander,NW5-67-13-W4,RNTR,Campbell Lake,2N,23.8,600,2025-09-25
Sparrow's Egg Lake,,NW6-20-8-W5,CTTR,Allison Creek,2N,14.1,900,2025-06-03
Pierre Greys Lakes Middle Pierre,,NW6-57-4-W6,RNTR,Trout,AF3N,19.6,15000,2025-05-26
Dunn Lake,,NW7-54-25-W5,BKTR,Beitty Resort,3N,20.9,3000,2025-05-28
Chain Lakes,Lower Chain Lake,NW7-69-23-W4,RNTR,Campbell Lake,2N,20.7,1600,2025-05-02
Chain Lakes,Lower Chain Lake,NW7-69-23-W4,RNTR,Campbell Lake,2N,20.8,6000,2025-05-05
Chain Lakes,Lower Chain Lake,NW7-69-23-W4,TGTR,Bow River,3N,22.9,2000,2025-05-05
Chain Lakes,Lower Chain Lake,NW7-69-23-W4,BNTR,Bow River,3N,19.3,1000,2025-05-22
Chain Lakes,Lower Chain Lake,NW7-69-23-W4,RNTR,Campbell Lake,2N,18.6,3000,2025-09-15
Chain Lakes,Lower Chain Lake,NW7-69-23-W4,RNTR,Campbell Lake,3N,19.9,3000,2025-09-15
Chain Lakes,Lower Chain Lake,NW7-69-23-W4,RNTR,Campbell Lake,2N,24.4,3000,2025-09-15
Lily Lake,,NW7-75-5-W5,TGTR,Beitty/Bow River,3N,30.6,325,2025-09-18
Lily Lake,,NW7-75-5-W5,TGTR,Beitty/Bow River,3N,10.9,200,2025-09-18
Lily Lake,,NW7-75-5-W5,BKTR,Beitty Resort,3N,11.7,3660,2025-09-18
Unnamed,Weberville Pond,NW7-85-21-W5,RNTR,Campbell Lake,2N,20.8,1000,2025-05-13
Sulphur Lake,,NW7-89-2-W6,BKTR,Beitty Resort,3N,19.8,4500,2025-05-20
Unnamed,Enchant Pond,NW8-14-18-W4,TGTR,Beitty/Bow River,3N,20.3,200,2025-04-17
Unnamed,Enchant Pond,NW8-14-18-W4,RNTR,Trout/Lodge/Kamloops,AF3N,20.3,2000,2025-04-18
Lambert Pond,,NW8-53-17-W5,RNTR,Trout/Lodge/Kamloops,AF3N,17.8,2000,2025-05-15
Chrystina Lake,,NW8-67-8-W5,BKTR,Beitty Resort,3N,19.1,2600,2025-05-22
East Dollar Lake,,NW8-73-21-W5,BNTR,Bow River,3N,19.1,500,2025-05-12
East Dollar Lake,,NW8-73-21-W5,RNTR,Campbell Lake,3N,20.2,3000,2025-05-12
East Dollar Lake,,NW8-73-21-W5,TGTR,Bow River,3N,23.7,300,2025-05-12
Niemela Reservoir,Ray's Pond,SE1-39-3-W5,TGTR,Beitty/Bow River,3N,20.3,250,2025-04-30
Niemela Reservoir,Ray's Pond,SE1-39-3-W5,RNTR,Trout/Lodge/Kamloops,AF3N,23.1,500,2025-09-17
Dolberg Lake,,SE1-60-8-W5,RNTR,Campbell Lake,2N,20.6,8000,2025-05-20
Burnstick Lake,,SE11-35-7-W5,WALL,Lac Ste. Anne,2N,6.1,1805,2025-07-23
Unnamed,Bathing Lake,SE11-4-1-W5,CTTR,Allison Creek,2N,13.2,1000,2025-05-15
Medley River,,SE11-65-2-W4,RNTR,Campbell Lake,3N,22.1,1500,2025-06-12
Pierre Greys Lakes Lower Pierre,,SE12-57-5-W6,RNTR,Trout,AF3N,17.7,7000,2025-05-15
Unnamed,Hiller's Reservoir,SE13-32-29-W4,RNTR,Riverence,AF2N,20,7500,2025-04-17
Unnamed,Innisfree Trout,SE13-51-12-W4,RNTR,Trout/Lodge/Jumpers,AF3N,20.3,400,2025-04-25
Unnamed,Innisfree Trout,SE13-51-12-W4,BKTR,Beitty Resort,3N,20.2,600,2025-04-25
Unnamed,Nuggent Pond,SE14-44-3-W5,RNTR,Trout/Lodge/Kamloops,AF3N,20.4,600,2025-05-05
Unnamed,Burmis Lake,SE14-7-3-W5,CTTR,Allison Creek,2N,12.5,1000,2025-04-30
Unnamed,Bellis Beach Lake,SE15-59-15-W4,RNTR,Campbell Lake,2N,20.9,14000,2025-05-06
Unnamed,Midway Reservoir,SE16-30-27-W4,RNTR,Trout/Lodge/Kamloops,AF3N,20.3,1800,2025-04-18
Phyllis Lake,,SE17-36-7-W5,RNTR,Trout,AF3N,20.1,10000,2025-05-03
Birch Lake,,SE18-35-6-W5,BNTR,Bow River,3N,19.4,500,2025-05-07
Birch Lake,,SE18-35-6-W5,RNTR,Riverence,AF3N,20,3500,2025-05-07
Birch Lake,,SE18-35-6-W5,BKTR,Beitty Resort,3N,19.3,5000,2025-05-07
West Dollar Lake,,SE18-73-21-W5,BNTR,Bow River,3N,19.1,250,2025-05-12
West Dollar Lake,,SE18-73-21-W5,RNTR,Campbell Lake,3N,20.2,1000,2025-05-12
Sawn Lake,,SE18-92-12-W5,WALL,Graham Lake,2N,0.4,1984992,2025-06-06
Hogarth Lakes Lower Hogarth,,SE21-21-10-W5,CTTR,Allison Creek,2N,4.2,1200,2025-09-09
Hogarth Lakes Upper Hogarth,,SE21-21-10-W5,CTTR,Allison Creek,2N,4.2,1200,2025-09-09
Unnamed,East Pit Lake,SE23-53-4-W5,RNTR,Pit Lakes,2N,22,11600,2025-05-07
Unnamed,Lower Smuts,SE24-21-11-W5,CTTR,Allison Creek,2N,4.2,200,2025-09-09
Unnamed,Upper Smuts,SE24-21-11-W5,CTTR,Allison Creek,2N,4.2,200,2025-09-09
McLeod Lake,Carson Lake,SE25-61-12-W5,RNTR,Pit Lakes,3N,20.9,9900,2025-05-07
McLeod Lake,Carson Lake,SE25-61-12-W5,RNTR,Trout/Lodge/Jumpers,AF3N,20.3,10000,2025-05-12
McLeod Lake,Carson Lake,SE25-61-12-W5,RNTR,Campbell Lake,3N,21.9,12000,2025-05-23
McLeod Lake,Carson Lake,SE25-61-12-W5,RNTR,Trout/Lodge/Kamloops,AF3N,17.8,20500,2025-06-02
McLeod Lake,Carson Lake,SE25-61-12-W5,RNTR,Trout/Lodge/Kamloops,AF3N,18.4,10000,2025-06-03
McLeod Lake,Carson Lake,SE25-61-12-W5,RNTR,Riverence,AF2N,23.9,4000,2025-06-03
McLeod Lake,Carson Lake,SE25-61-12-W5,RNTR,Trout/Lodge/Kamloops,AF3N,17.1,16700,2025-06-12
McLeod Lake,Carson Lake,SE25-61-12-W5,RNTR,Trout/Lodge/Kamloops,AF3N,17.9,14300,2025-06-12
McLeod Lake,Carson Lake,SE25-61-12-W5,RNTR,Riverence,AF3N,18.9,10150,2025-09-24
McLeod Lake,Carson Lake,SE25-61-12-W5,RNTR,Riverence,AF3N,17.9,5390,2025-09-24
McLeod Lake,Carson Lake,SE25-61-12-W5,RNTR,Riverence,AF3N,19.5,10645,2025-09-29
McLeod Lake,Carson Lake,SE25-61-12-W5,RNTR,Riverence,AF3N,18.9,9740,2025-09-29
McLeod Lake,Carson Lake,SE25-61-12-W5,RNTR,Riverence,AF3N,18.6,16134,2025-09-29
McLeod Lake,Carson Lake,SE25-61-12-W5,RNTR,Riverence,AF3N,17.9,4281,2025-10-01
McLeod Lake,Carson Lake,SE25-61-12-W5,RNTR,Campbell Lake,3N,20.4,10590,2025-10-01
Parker Lake,,SE25-70-5-W5,RNTR,Trout/Lodge/Jumpers,AF3N,5.9,7000,2025-09-18
Three Isle Lake,,SE26-19-10-W5,CTTR,Allison Creek,2N,4.2,3300,2025-09-09
Unnamed,Pit 45,SE26-46-19-W5,RNTR,Trout/Lodge/Jumpers,AF3N,21.1,1100,2025-05-26
Unnamed,Muskoseepi Pond,SE26-71-6-W6,RNTR,Riverence,AF2N,23.8,500,2025-05-15
Unnamed,Nicholas Sheran,SE26-8-22-W4,BKTR,Beitty Resort,2N,40.1,250,2025-03-27
Unnamed,Nicholas Sheran,SE26-8-22-W4,BKTR,Beitty Resort,2N,40.1,250,2025-04-01
Unnamed,Nicholas Sheran,SE26-8-22-W4,BNTR,Bow River,3N,18,2000,2025-04-11
Unnamed,Nicholas Sheran,SE26-8-22-W4,RNTR,Riverence,AF3N,23.1,2000,2025-04-11
Unnamed,Nicholas Sheran,SE26-8-22-W4,BKTR,Beitty Resort,3N,19.5,2000,2025-04-11
Unnamed,Nicholas Sheran,SE26-8-22-W4,RNTR,Trout/Lodge/Jumpers,AF3N,29.1,1000,2025-10-01
Unnamed,Nicholas Sheran,SE26-8-22-W4,RNTR,Campbell Lake,3N,20.4,1500,2025-10-01
Unnamed,Crossfield Trout,SE27-28-1-W5,RNTR,Riverence,AF2N,22.86,1400,2025-04-24
Unnamed,Kraft Wimborne,SE28-33-26-W4,BKTR,Beitty Resort,3N,19.6,230,2025-05-01
Unnamed,Kraft Wimborne,SE28-33-26-W4,TGTR,Beitty/Bow River,3N,20.3,70,2025-05-01
Unnamed,Kraft Wimborne,SE28-33-26-W4,RNTR,Trout/Lodge/Jumpers,AF3N,20.1,180,2025-05-22
Commonwealth Lake Birdwood Lake,,SE29-21-10-W5,CTTR,Allison Creek,2N,4.2,400,2025-09-09
Unnamed,East Stormwater,SE29-40-26-W4,RNTR,Trout/Lodge/Kamloops,AF3N,20.3,1000,2025-04-30
Unnamed,East Stormwater,SE29-40-26-W4,BNTR,Bow River,3N,18.9,100,2025-05-01
Unnamed,Dewitt's Pond,SE31-26-1-W5,RNTR,Trout/Lodge/Kamloops,AF3N,20.3,1000,2025-04-17
Unnamed,Dewitt's Pond,SE31-26-1-W5,BNTR,Bow River,3N,19.3,2595,2025-05-15
Unnamed,Radway Fish,SE31-58-20-W4,RNTR,Riverence,AF2N,23.6,1040,2025-05-12
Moonshine Lake,Mirage Lake,SE31-79-8-W6,BNTR,Bow River,3N,19.7,1000,2025-05-20
Moonshine Lake,Mirage Lake,SE31-79-8-W6,RNTR,Trout/Lodge/Kamloops,AF3N,17.3,9300,2025-05-21
Moonshine Lake,Mirage Lake,SE31-79-8-W6,TGTR,Beitty/Bow River,3N,30.9,2350,2025-09-15
Unnamed,Nordegg Borrow,SE32-40-15-W5,RNTR,Riverence,AF3N,23,300,2025-05-29
Unnamed,Niton Lake,SE32-53-12-W5,RNTR,Riverence,AF3N,23.7,1500,2025-05-14
Unnamed,Little Beaverdam,SE34-1-28-W4,TGTR,Beitty/Bow River,3N,19.6,1000,2025-05-14
Unnamed,Castor Eastside,SE34-37-14-W4,RNTR,Trout/Lodge/Kamloops,AF3N,20.6,500,2025-05-29
Unnamed,Castor Eastside,SE34-37-14-W4,RNTR,Trout/Lodge/Kamloops,AF3N,32,40,2025-05-29
Stenton Lake,,SE35-25-10-W5,RNTR,Trout/Lodge/Jumpers,AF3N,5.4,400,2025-09-09
Schuman Lake,,SE35-61-8-W5,TGTR,Beitty/Bow River,3N,23.9,500,2025-05-20
Schuman Lake,,SE35-61-8-W5,RNTR,Campbell Lake,2N,20,9500,2025-05-20
Unnamed,Mitford Ponds,SE4-26-4-W5,RNTR,Trout/Lodge/Jumpers,AF3N,20.1,350,2025-05-15
Unnamed,Mitford Ponds,SE4-26-4-W5,BNTR,Bow River,3N,19.1,61,2025-05-15
Unnamed,Bashaw Pond,SE4-42-21-W4,RNTR,Trout/Lodge/Jumpers,AF3N,20.3,500,2025-04-25
Unnamed,Bashaw Pond,SE4-42-21-W4,BKTR,Beitty Resort,3N,20.2,200,2025-04-25
Unnamed,Footner Pond,SE5-111-19-W5,RNTR,Riverence,AF2N,23.6,500,2025-05-13
Aster Lake,,SE5-19-9-W5,CTTR,Allison Creek,2N,4.2,1300,2025-09-09
Unnamed,Harleck Pond,SE5-41-14-W5,RNTR,Riverence,AF3N,20,400,2025-05-28
High Level Community High Level Town,,SE6-110-19-W5,RNTR,Riverence,AF2N,23.6,500,2025-05-13
Unnamed,Lloydminster,SE6-50-1-W4,RNTR,Riverence,AF2N,23,500,2025-04-29
Kinky Lake,,SE6-50-26-W5,BKTR,Beitty Resort,3N,19.8,1839,2025-05-20
Kinky Lake,,SE6-50-26-W5,BKTR,Beitty Resort,3N,19.1,8161,2025-05-20
Rattlesnake Lake Sauder,,SE8-12-8-W4,WALL,Lac Ste. Anne,2N,6.1,595,2025-07-25
Rattlesnake Lake Sauder,,SE8-12-8-W4,WALL,Lac Ste. Anne,2N,11.7,655,2025-09-26
Unnamed,St. Paul Fish,SE9-58-9-W4,BNTR,Bow River,3N,19.8,400,2025-05-02
Unnamed,St. Paul Fish,SE9-58-9-W4,RNTR,Riverence,AF2N,22.7,1800,2025-05-07
Unnamed,St. Paul Fish,SE9-58-9-W4,TGTR,Bow River,3N,22.9,300,2025-05-07
Unnamed,St. Paul Fish,SE9-58-9-W4,RNTR,Campbell Lake,2N,24.8,1000,2025-07-11
Unnamed,St. Paul Fish,SE9-58-9-W4,TGTR,Beitty/Bow River,3N,28.1,500,2025-07-11
Whiteridge Recreation,Blueridge Pit,SW1-60-10-W5,RNTR,Campbell Lake,3N,20.2,2100,2025-05-12
Windsor Lake,,SW10-42-22-W4,RNTR,Trout/Lodge/Kamloops,AF3N,20.3,1500,2025-04-30
Windsor Lake,,SW10-42-22-W4,RNTR,Trout/Lodge/Jumpers,AF3N,20.2,2000,2025-05-01
Unnamed,Shell True North,SW10-79-8-W6,BKTR,Beitty Resort,3N,19.4,590,2025-05-12
Unnamed,Shell True North,SW10-79-8-W6,TGTR,Beitty/Bow River,3N,23.9,50,2025-05-15
Eagle Lake,,SW11-32-11-W5,CTTR,Allison Creek,2N,18.2,750,2025-09-24
Rat Lake,,SW11-38-9-W5,TGTR,Beitty/Bow River,3N,30.6,700,2025-10-01
Rat Lake,,SW11-38-9-W5,TGTR,Beitty/Bow River,3N,10.6,500,2025-10-01
Obed Lake,,SW11-53-22-W5,BNTR,Bow River,3N,19.2,13062,2025-05-22
Obed Lake,,SW11-53-22-W5,BNTR,Bow River,3N,19.2,938,2025-05-26
Obed Lake,,SW11-53-22-W5,BNTR,Bow River,3N,9.1,5000,2025-09-25
Unnamed,Highway 40 Pond,SW12-69-6-W6,RNTR,Campbell Lake,2N,20.6,1000,2025-05-21
Unnamed,Kids Can Catch,SW13-24-1-W5,RNTR,Riverence,AF3N,24.6,40,2025-04-30
Unnamed,Kids Can Catch,SW13-24-1-W5,RNTR,Riverence,AF3N,26.9,65,2025-07-17
Hasse Lake,,SW13-52-2-W5,RNTR,Riverence,AF3N,20,10000,2025-04-29
Hasse Lake,,SW13-52-2-W5,RNTR,Campbell Lake,2N,20.1,5580,2025-10-03
Hasse Lake,,SW13-52-2-W5,RNTR,Campbell Lake,2N,25.7,200,2025-10-03
Hasse Lake,,SW13-52-2-W5,TGTR,Beitty/Bow River,3N,20.3,1500,2025-04-29
Hasse Lake,,SW13-52-2-W5,TGTR,Beitty/Bow River,3N,26.8,500,2025-10-03
Unnamed,Wolf Creek Pond,SW13-53-16-W5,RNTR,Riverence,AF3N,23.1,750,2025-05-27
Unnamed,McQuillan,SW13-8-19-W4,RNTR,Riverence,AF2N,22.7,1900,2025-04-15
Unnamed,McQuillan,SW13-8-19-W4,RNTR,Trout/Lodge/Kamloops,AF3N,20.6,1400,2025-06-04
Maude Lake,,SW14-20-10-W5,CTTR,Allison Creek,2N,4.2,2300,2025-09-09
Unnamed,Strathmore,SW14-24-25-W4,TGTR,Beitty/Bow River,3N,19.9,150,2025-05-08
Forty Mile Coulee,,SW14-8-11-W4,WALL,Lac Ste. Anne,2N,10.2,976,2025-07-29
Unnamed,La Crete Pond,SW15-106-12-W5,RNTR,Campbell Lake,2N,20.8,1500,2025-05-13
Burstall Lakes,Upper Burstall,SW16-21-10-W5,CTTR,Allison Creek,2N,4.2,1200,2025-09-09
Tea Lakes,,SW16-67-7-W5,RNTR,Trout/Lodge/Jumpers,AF3N,5.9,6000,2025-09-18
Unnamed,Zama Community,SW18-117-4-W6,RNTR,Riverence,AF2N,23.6,500,2025-05-13
Unnamed,Helmer Reservoir,SW18-31-14-W4,RNTR,Riverence,AF2N,20.4,5000,2025-04-23
Unnamed,Helmer Reservoir,SW18-31-14-W4,RNTR,Riverence,AF2N,20.4,5000,2025-04-24
Swan Lake,,SW18-70-25-W5,RNTR,Campbell Lake,3N,20,15000,2025-05-08
Swan Lake,,SW18-70-25-W5,RNTR,Campbell Lake,3N,20.1,9393,2025-10-01
Swan Lake,,SW18-70-25-W5,RNTR,Campbell Lake,3N,19.2,10617,2025-10-01
Mount Lorette Ponds,,SW19-23-8-W5,CTTR,Allison Creek,2N,13.2,800,2025-05-16
Mount Lorette Ponds,,SW19-23-8-W5,RNTR,Trout/Lodge/Jumpers,AF3N,20.1,400,2025-05-16
Mount Lorette Ponds,,SW19-23-8-W5,CTTR,Allison Creek,2N,37.8,100,2025-06-25
Mount Lorette Ponds,,SW19-23-8-W5,RNTR,Trout/Lodge/Jumpers,AF3N,23,400,2025-06-25
Mount Lorette Ponds,,SW19-23-8-W5,CTTR,Allison Creek,2N,15,800,2025-06-25
Mount Lorette Ponds,,SW19-23-8-W5,CTTR,Allison Creek,2N,16.8,800,2025-07-17
Mount Lorette Ponds,,SW19-23-8-W5,RNTR,Trout/Lodge/Jumpers,AF3N,25.2,400,2025-07-17
Mount Lorette Ponds,,SW19-23-8-W5,RNTR,Trout/Lodge/Jumpers,AF3N,25.3,400,2025-07-31
Mount Lorette Ponds,,SW19-23-8-W5,CTTR,Allison Creek,2N,17.2,600,2025-07-31
Michichi Reservoir,,SW19-30-18-W4,RNTR,Riverence,AF3N,20.1,4200,2025-04-23
Michichi Reservoir,,SW19-30-18-W4,RNTR,Riverence,AF2N,22.86,1400,2025-04-24
Entry Lake,,SW19-36-18-W5,CTTR,Allison Creek,2N,4.7,668,2025-09-25
Shunda Lake,Fish Lake,SW19-40-15-W5,RNTR,Riverence,AF3N,20.3,10000,2025-05-13
Shunda Lake,Fish Lake,SW19-40-15-W5,RNTR,Riverence,AF3N,20.3,10000,2025-05-13
Sibbald Meadows,,SW20-24-7-W5,RNTR,Riverence,AF3N,23.4,2000,2025-05-16
Sibbald Meadows,,SW20-24-7-W5,RNTR,Trout,AF3N,20.6,1395,2025-06-05
Sibbald Meadows,,SW20-24-7-W5,RNTR,Riverence,AF3N,23.7,605,2025-06-05
Unnamed,Pleasure Island,SW20-46-19-W4,RNTR,Trout/Lodge/Jumpers,AF3N,20.3,200,2025-04-23
Unnamed,Pleasure Island,SW20-46-19-W4,TGTR,Beitty/Bow River,3N,19.3,200,2025-04-23
Unnamed,Pleasure Island,SW20-46-19-W4,BKTR,Beitty Resort,3N,20.2,1070,2025-04-23
Unnamed,Pleasure Island,SW20-46-19-W4,BNTR,Bow River,3N,18.9,160,2025-04-23
Unnamed,Pleasure Island,SW20-46-19-W4,RNTR,Trout/Lodge/Jumpers,AF3N,29.1,1200,2025-10-02
Unnamed,Pleasure Island,SW20-46-19-W4,RNTR,Campbell Lake,3N,20.4,1000,2025-10-02
Unnamed,Texaco Pond,SW20-88-8-W4,RNTR,Campbell Lake,2N,21,1500,2025-05-08
Unnamed,By The Lake Park,SW22-46-24-W4,RNTR,Riverence,AF2N,20.2,5000,2025-04-25
Unnamed,Mclaren's,SW23-33-18-W4,RNTR,Riverence,AF3N,20.6,4200,2025-04-23
Unnamed,Mclaren's,SW23-33-18-W4,RNTR,Riverence,AF2N,22.86,1400,2025-04-24
Jessie Lake,,SW23-68-7-W5,RNTR,Trout,AF3N,5.9,3500,2025-09-18
Unnamed,Cecil Thompson,SW23-83-21-W5,RNTR,Campbell Lake,2N,20.8,1000,2025-05-13
Unnamed,Coronation,SW24-36-11-W4,RNTR,Riverence,AF2N,20,5300,2025-04-22
Unnamed,Coronation,SW24-36-11-W4,TGTR,Beitty/Bow River,3N,19.9,1000,2025-04-22
Unnamed,Coronation,SW24-36-11-W4,BNTR,Bow River,3N,18.7,1000,2025-04-22
Unnamed,Cardiff Park Pond,SW24-55-25-W4,RNTR,Riverence,AF2N,20.2,11500,2025-04-28
Unnamed,Cardiff Park Pond,SW24-55-25-W4,BNTR,Bow River,3N,19.1,500,2025-05-01
Unnamed,Cardiff Park Pond,SW24-55-25-W4,TGTR,Beitty/Bow River,3N,19.6,2550,2025-05-01
Unnamed,Cardiff Park Pond,SW24-55-25-W4,RNTR,Campbell Lake,2N,19.2,5000,2025-09-25
Unnamed,Cardiff Park Pond,SW24-55-25-W4,RNTR,Campbell Lake,3N,20.4,5000,2025-10-03
Unnamed,Cardiff Park Pond,SW24-55-25-W4,RNTR,Trout/Lodge/Jumpers,AF3N,29.1,612,2025-10-03
Unnamed,Riverstone Pond,SW24-8-22-W4,RNTR,Riverence,AF3N,23.3,1830,2025-04-10
Unnamed,Riverstone Pond,SW24-8-22-W4,RNTR,Trout/Lodge/Jumpers,AF3N,29.1,1000,2025-10-02
Unnamed,Riverstone Pond,SW24-8-22-W4,RNTR,Campbell Lake,3N,20.4,1500,2025-10-02
Unnamed,Coleman Fish,SW24-8-5-W5,CTTR,Allison Creek,2N,14,1600,2025-05-30
Unnamed,Anderson Dam,SW25-28-21-W4,RNTR,Trout/Lodge/Kamloops,AF3N,20.3,900,2025-04-17
Unnamed,Kramer Pond,SW25-45-6-W5,RNTR,Trout/Lodge/Jumpers,AF3N,20.1,3500,2025-05-09
Unnamed,Kramer Pond,SW25-45-6-W5,RNTR,Campbell Lake,3N,20.4,1500,2025-10-01
Unnamed,Shemeluk Lake,SW25-60-17-W4,RNTR,Pit Lakes,2N,22.3,6000,2025-05-06
Unnamed,Pit 35,SW26-46-19-W5,RNTR,Trout/Lodge/Jumpers,AF3N,21.1,390,2025-05-26
Unnamed,Magrath,SW26-5-22-W4,RNTR,Trout/Lodge/Kamloops,AF3N,20.3,500,2025-05-01
Unnamed,Magrath,SW26-5-22-W4,RNTR,Trout/Lodge/Kamloops,AF3N,20.3,300,2025-06-13
Unnamed,Magrath,SW26-5-22-W4,RNTR,Trout/Lodge/Kamloops,AF3N,30,25,2025-06-13
Salter's Lake,,SW26-54-2-W5,RNTR,Riverence,AF2N,20.3,7500,2025-05-08
Salter's Lake,,SW26-54-2-W5,TGTR,Beitty/Bow River,3N,19.9,2000,2025-05-08
Salter's Lake,,SW26-54-2-W5,RNTR,Campbell Lake,2N,20.4,2500,2025-10-09
Salter's Lake,,SW26-54-2-W5,RNTR,Campbell Lake,3N,25.7,2681,2025-10-09
Spruce Coulee,,SW26-8-2-W4,BKTR,Beitty Resort,3N,19.6,8500,2025-05-09
Spruce Coulee,,SW26-8-2-W4,BKTR,Beitty Resort,3N,12.2,15000,2025-09-23
Spruce Coulee,,SW26-8-2-W4,BNTR,Bow River,3N,13,7004,2025-10-09
Unnamed,Allison Lake,SW27-8-5-W5,CTTR,Allison Creek,2N,13.2,2500,2025-05-29
Unnamed,Allison Lake,SW27-8-5-W5,CTTR,Allison Creek,2N,35,41,2025-09-16
Unnamed,Allison Lake,SW27-8-5-W5,CTTR,Allison Creek,2N,20,1068,2025-09-16
Unnamed,Md Peace Pond,SW27-83-23-W5,RNTR,Riverence,AF2N,23.6,1000,2025-05-13
Unnamed,Md Peace Pond,SW27-83-23-W5,RNTR,Riverence,AF2N,23.6,1000,2025-05-13
Blood Indian Creek,,SW28-26-9-W4,BNTR,Bow River,3N,17.9,7500,2025-04-24
Blood Indian Creek,,SW28-26-9-W4,TGTR,Beitty/Bow River,3N,22.2,7500,2025-04-29
Blood Indian Creek,,SW28-26-9-W4,RNTR,Riverence,AF2N,22.3,7000,2025-04-29
Blood Indian Creek,,SW28-26-9-W4,RNTR,Campbell Lake,2N,20,10000,2025-05-09
Blood Indian Creek,,SW28-26-9-W4,WALL,Lac Ste. Anne,2N,11.9,183,2025-09-18
Blood Indian Creek,,SW28-26-9-W4,WALL,Lac Ste. Anne,2N,12.1,96,2025-09-19
Blood Indian Creek,,SW28-26-9-W4,WALL,Lac Ste. Anne,2N,11.7,1000,2025-09-25
Blood Indian Creek,,SW28-26-9-W4,RNTR,Campbell Lake,2N,19.8,9590,2025-10-02
Blood Indian Creek,,SW28-26-9-W4,RNTR,Campbell Lake,2N,21.4,5910,2025-10-02
Blood Indian Creek,,SW28-26-9-W4,RNTR,Campbell Lake,2N,20.5,5414,2025-10-06
Blood Indian Creek,,SW28-26-9-W4,RNTR,Riverence,AF3N,11.8,2500,2025-10-09
Blood Indian Creek,,SW28-26-9-W4,BNTR,Bow River,3N,9.7,3395,2025-10-09
Blood Indian Creek,,SW28-26-9-W4,RNTR,Campbell Lake,3N,19.7,10766,2025-10-14
Hinton F & G Pond Hinton Borrow Pit,,SW28-50-25-W5,RNTR,Riverence,AF3N,23.7,300,2025-05-20
Beauvais Lake,,SW29-5-1-W5,CTTR,Allison Creek,2N,12.3,16000,2025-04-25
Unnamed,Stirling Children's,SW29-6-19-W4,RNTR,Trout/Lodge/Kamloops,AF3N,20.3,1000,2025-05-01
Cavan Lake,,SW30-11-3-W4,RNTR,Riverence,AF3N,20,2351,2025-05-15
Cavan Lake,,SW30-11-3-W4,RNTR,Trout/Lodge/Jumpers,AF3N,20.1,9817,2025-05-15
Strubel Lake,,SW30-37-7-W5,RNTR,Riverence,AF3N,20.1,12800,2025-05-06
Spring Lake,Cottage,SW30-52-1-W5,BNTR,Bow River,3N,19.6,500,2025-05-05
Spring Lake,Cottage,SW30-52-1-W5,RNTR,Campbell Lake,2N,20.9,10000,2025-05-06
Spring Lake,Cottage,SW30-52-1-W5,TGTR,Bow River,3N,22.5,1500,2025-05-06
Spring Lake,Cottage,SW30-52-1-W5,RNTR,Campbell Lake,2N,19.2,5000,2025-09-24
Unnamed,Wildwood Pond,SW30-53-9-W5,RNTR,Riverence,AF3N,23.7,1500,2025-05-14
Wildhorse Lakes,Lower Wildhorse,SW31-49-26-W5,RNTR,Trout/Lodge/Kamloops,AF3N,17.7,7500,2025-05-26
Wildhorse Lakes,Lower Wildhorse,SW31-49-26-W5,RNTR,Trout/Lodge/Kamloops,AF3N,17.7,7500,2025-05-26
Wildhorse Lakes,Upper Wildhorse,SW31-49-26-W5,BKTR,Beitty Resort,3N,5.1,2500,2025-05-20
Unnamed,Nordegg Borrow,SW32-40-15-W5,RNTR,Riverence,AF3N,23,400,2025-05-29
Unnamed,McClennan,SW32-77-19-W5,RNTR,Riverence,AF2N,23.6,500,2025-05-12
Unnamed,McVinnie,SW33-12-21-W4,TGTR,Beitty/Bow River,3N,19.9,400,2025-04-11
Unnamed,McVinnie,SW33-12-21-W4,RNTR,Riverence,AF2N,22.7,1155,2025-04-15
Unnamed,McVinnie,SW33-12-21-W4,RNTR,Trout/Lodge/Kamloops,AF3N,20.6,1645,2025-06-04
Travers Reservoir,,SW33-14-21-W4,WALL,Lac Ste. Anne,2N,0.4,393337,2025-05-19
Travers Reservoir,,SW33-14-21-W4,WALL,Lac Ste. Anne,2N,0.4,427632,2025-05-20
Travers Reservoir,,SW33-14-21-W4,WALL,Lac Ste. Anne,2N,0.4,668628,2025-05-21
Yellowhead Lake,,SW33-34-6-W5,BKTR,Beitty Resort,3N,20.3,4000,2025-06-04
Rocky Children's Pond,,SW33-39-7-W5,RNTR,Riverence,AF3N,23,500,2025-05-09
Rocky Children's Pond,,SW33-39-7-W5,RNTR,Riverence,AF3N,25.3,550,2025-08-22
Winagami Lake,,SW33-76-18-W5,WALL,Rock Island,2N,0.4,3293262,2025-05-29
Winagami Lake,,SW33-76-18-W5,WALL,Rock Island,2N,0.4,458439,2025-06-04
Winagami Lake,,SW33-76-18-W5,WALL,Rock Island,2N,0.4,533860,2025-06-07
Unnamed,Irma Fish and,SW34-45-9-W4,RNTR,Trout/Lodge/Jumpers,AF3N,20.3,200,2025-04-25
Unnamed,Irma Fish and,SW34-45-9-W4,BKTR,Beitty Resort,3N,20.2,300,2025-04-25
Kakut Lake,,SW34-76-4-W6,RNTR,Campbell Lake,2N,20.6,1500,2025-05-21
Unnamed,Fairview College,SW34-81-3-W6,RNTR,Campbell Lake,2N,20.6,500,2025-05-21
Running Lake,,SW34-88-7-W6,BKTR,Beitty Resort,3N,19.8,3000,2025-05-20
Unnamed,Pit 44,SW35-46-19-W5,RNTR,Trout/Lodge/Jumpers,AF3N,21.1,1100,2025-05-26
Victor Lake,,SW35-56-8-W6,RNTR,Trout/Lodge/Kamloops,AF3N,18.1,15000,2025-05-28
Unnamed,Huber Reservoir,SW36-37-13-W4,RNTR,Riverence,AF2N,20.3,6000,2025-04-22
Unnamed,Huber Reservoir,SW36-37-13-W4,TGTR,Beitty/Bow River,3N,20.1,1250,2025-04-22
Wadlin Lake,,SW4-101-10-W5,WALL,Graham Lake,2N,0.4,1520390,2025-06-10
Alford Lake,,SW4-36-8-W5,RNTR,Riverence,AF3N,20,3000,2025-05-02
Emerson Lake,,SW5-19-28-W4,BNTR,Bow River,3N,18.5,200,2025-04-17
Emerson Lake,,SW5-19-28-W4,RNTR,Riverence,AF3N,20.1,1400,2025-04-17
Emerson Lake,,SW5-19-28-W4,RNTR,Trout,AF3N,20.3,2362,2025-06-12
Invincible Lake,,SW5-20-9-W5,CTTR,Allison Creek,2N,4.2,450,2025-09-09
Unnamed,Acadia Valley,SW5-25-2-W4,RNTR,Riverence,AF2N,20.7,5000,2025-04-23
Unnamed,Acadia Valley,SW5-25-2-W4,BKTR,Beitty Resort,3N,19.5,2000,2025-04-23
Unnamed,Acadia Valley,SW5-25-2-W4,RNTR,Riverence,AF2N,20.7,5000,2025-04-24
Unnamed,Acadia Valley,SW5-25-2-W4,BKTR,Beitty Resort,3N,19.5,2000,2025-04-24
Tay Lake,,SW5-36-8-W5,RNTR,Riverence,AF3N,12.6,5000,2025-06-04
Sardine Lake,,SW5-49-4-W5,RNTR,Riverence,AF3N,20,2500,2025-05-09
Emerald Lake,,SW5-62-11-W5,BKTR,Beitty Resort,3N,20.9,2600,2025-05-29
Twin Lakes,,SW6-40-7-W5,RNTR,Trout/Lodge/Jumpers,AF3N,20.1,7000,2025-05-06
Jackfish Lake,,SW6-41-11-W5,WALL,Lac Ste. Anne,2N,6.1,500,2025-07-23
Ironside Pond,,SW7-38-7-W5,RNTR,Riverence,AF3N,20,500,2025-05-20
Ironside Pond,,SW7-38-7-W5,TGTR,Beitty/Bow River,3N,30.6,400,2025-09-16
Unnamed,Vegreville Trout,SW7-52-14-W4,RNTR,Campbell Lake,2N,20.6,10000,2025-04-26
Pierre Greys Lakes Upper Pierre,,SW7-57-4-W6,BKTR,Beitty Resort,3N,19.8,2000,2025-05-14
Pierre Greys Lakes Upper Pierre,,SW7-57-4-W6,BKTR,Beitty Resort,3N,20.3,3562,2025-06-26
Pierre Greys Lakes Upper Pierre,,SW7-57-4-W6,BKTR,Beitty Resort,3N,12.3,9500,2025-09-25
Millers Lake,,SW8-53-19-W5,RNTR,Campbell Lake,3N,20.5,7671,2025-05-09
Millers Lake,,SW8-53-19-W5,RNTR,Campbell Lake,3N,21.7,3350,2025-05-09
Millers Lake,,SW8-53-19-W5,RNTR,Campbell Lake,3N,20.5,2479,2025-05-09
Millers Lake,,SW8-53-19-W5,TGTR,Beitty/Bow River,3N,21.2,1450,2025-05-27
Lees Lake,,SW8-7-2-W5,RNTR,Riverence,AF3N,10.7,3000,2025-04-14
Lees Lake,,SW8-7-2-W5,BNTR,Bow River,3N,19,1895,2025-04-14
Lees Lake,,SW8-7-2-W5,RNTR,Riverence,AF3N,20.1,17000,2025-04-14
Lees Lake,,SW8-7-2-W5,RNTR,Campbell Lake,3N,20.1,20000,2025-09-22
Lees Lake,,SW8-7-2-W5,RNTR,Campbell Lake,3N,6.4,5943,2025-09-22
