Waterbody Official Name,Waterbody Common Name,ATS,Species,Strain*,Genotype**,"Average
Length (cm)",Number Stocked,Stocking Date
Alford Lake,,SW4-36-8-W5,RNTR,"Trout
Lodge/Jumpers",AF3N,20.2,2000,06-05-2024
Alford Lake,,SW4-36-8-W5,RNTR,Campbell Lake,2N,65,30,05-10-2024
Alford Lake,,SW4-36-8-W5,RNTR,Campbell Lake,2N,55,20,05-10-2024
Bear Pond,,NW36-14-4-W5,TGTR,Beitty/Bow River,3N,20,750,04-06-2024
Beauvais Lake,,SW29-5-1-W5,RNTR,"Trout
Lodge/Jumpers",AF3N,20.5,8000,25-05-2024
Beauvais Lake,,SW29-5-1-W5,RNTR,Trout Lodge/Silver's,AF3N,22.5,15000,17-09-2024
Beauvais Lake,,SW29-5-1-W5,RNTR,"Trout
Lodge/Jumpers",AF3N,5.5,20000,21-09-2024
Beaver Lake,,NE16-35-6-W5,RNTR,Campbell Lake,3N,20,1250,08-05-2024
Beaver Lake,,NE16-35-6-W5,TGTR,Beitty/Bow River,3N,23,1000,16-09-2024
Beaver Lake,,NE16-35-6-W5,RNTR,Campbell Lake,3N,20.1,1500,24-09-2024
Beaver Mines Lake,,NE11-5-3-W5,RNTR,Trout Lodge/Jumpers,AF3N,20.6,11500,26-04-2024
Beaver Mines Lake,,NE11-5-3-W5,RNTR,Trout Lodge/Silver's,AF3N,14.2,15000,21-05-2024
Beaver Mines Lake,,NE11-5-3-W5,RNTR,Riverence,AF3N,8.4,15000,21-09-2024
Beaver Mines Lake,,NE11-5-3-W5,RNTR,Riverence,3N,12.5,7500,30-09-2024
Birch Lake,,SE18-35-6-W5,BKTR,Beitty Resort,3N,21,4000,06-06-2024
Birch Lake,,SE18-35-6-W5,RNTR,Campbell Lake,3N,20.8,1750,06-06-2024
Birch Lake,,SE18-35-6-W5,BNTR,Bow River,3N,20,500,06-06-2024
"Blood Indian Creek
Reservoir",,SW28-26-9-W4,RNTR,Campbell Lake,2N,20.1,10400,22-04-2024
"Blood Indian Creek
Reservoir",,SW28-26-9-W4,RNTR,Pit Lakes,2N,17.6,2000,23-04-2024
"Blood Indian Creek
Reservoir",,SW28-26-9-W4,BNTR,Bow River,3N,20.4,2500,23-04-2024
"Blood Indian Creek
Reservoir",,SW28-26-9-W4,TGTR,Beitty/Bow River,3N,19.4,4000,23-04-2024
"Blood Indian Creek
Reservoir",,SW28-26-9-W4,BNTR,Bow River,2N,55.2,109,23-04-2024
Blood Indian Creek Reservoir,,SW28-26-9-W4,BNTR,Bow River,2N,41.5,72,23-04-2024
"Blood Indian Creek
Reservoir",,SW28-26-9-W4,RNTR,Campbell Lake,2N,20.1,7326,16-05-2024
"Blood Indian Creek
Reservoir",,SW28-26-9-W4,RNTR,Campbell Lake,2N,20.1,15000,27-09-2024
"Blood Indian Creek
Reservoir",,SW28-26-9-W4,RNTR,Riverence,AF2N,18.4,28980,30-09-2024
Blood Indian Creek Reservoir,,SW28-26-9-W4,RNTR,Riverence,AF2N,18.4,8381,01-10-2024
"Blood Indian Creek
Reservoir",,SW28-26-9-W4,BNTR,Bow River,3N,9.8,3500,09-10-2024
"Blood Indian Creek
Reservoir",,SW28-26-9-W4,RNTR,Campbell Lake,2N,65,23,10-10-2024
"Blood Indian Creek
Reservoir",,SW28-26-9-W4,RNTR,Campbell Lake,2N,55,147,10-10-2024
Blood Indian Creek Reservoir,,SW28-26-9-W4,RNTR,Campbell Lake,3N,16.1,9480,11-10-2024
Bonnyville Town Pond,Slawuta Lake,NW7-61-5-W4,RNTR,"Trout
Lodge/Jumpers",AF3N,20.3,500,03-05-2024
Butcher's Lake,,NW15-4-1-W5,BKTR,Beitty Resort,3N,18.5,2000,23-04-2024
Captain Eyre Lake,Capt Ayre,NW30-38-5-W4,RNTR,Campbell Lake,2N,20,2000,17-04-2024
Captain Eyre Lake,Capt Ayre,NW30-38-5-W4,TGTR,Beitty/Bow River,3N,19.1,2000,17-04-2024
Chain Lakes,Lower Chain Lake,NW7-69-23-W4,RNTR,Campbell Lake,2N,20.3,3200,10-05-2024
Chain Lakes,Lower Chain Lake,NW7-69-23-W4,BNTR,Bow River,3N,20.3,1000,10-05-2024
Chain Lakes,Lower Chain Lake,NW7-69-23-W4,RNTR,Campbell Lake,2N,10.2,5000,13-05-2024
Chain Lakes,Lower Chain Lake,NW7-69-23-W4,RNTR,Campbell Lake,2N,20.4,3000,16-09-2024
Chain Lakes Reservoir,,NE4-15-2-W5,RNTR,Campbell Lake,3N,20.6,990,22-04-2024
Chain Lakes Reservoir,,NE4-15-2-W5,RNTR,"Trout
Lodge/Jumpers",AF3N,20.7,3304,26-04-2024
Chain Lakes Reservoir,,NE4-15-2-W5,RNTR,"Trout
Lodge/Jumpers",AF3N,20.1,6768,26-04-2024
Chain Lakes Reservoir,,NE4-15-2-W5,RNTR,"Trout
Lodge/Jumpers",AF3N,20.1,4428,26-04-2024
Chain Lakes Reservoir,,NE4-15-2-W5,RNTR,Campbell Lake,3N,21,4510,26-04-2024
Chain Lakes Reservoir,,NE4-15-2-W5,RNTR,Trout Lodge/Silver's,AF3N,14.1,35210,21-05-2024
Chain Lakes Reservoir,,NE4-15-2-W5,RNTR,Campbell Lake,3N,21.5,7748,19-09-2024
Chain Lakes Reservoir,,NE4-15-2-W5,RNTR,Campbell Lake,3N,21.5,3550,26-09-2024
Chain Lakes Reservoir,,NE4-15-2-W5,RNTR,Campbell Lake,3N,16.6,5850,26-09-2024
Chain Lakes Reservoir,,NE4-15-2-W5,RNTR,Campbell Lake,3N,18.8,16400,30-09-2024
Chain Lakes Reservoir,,NE4-15-2-W5,RNTR,Campbell Lake,3N,20.1,8085,01-10-2024
Chain Lakes Reservoir,,NE4-15-2-W5,RNTR,Campbell Lake,3N,19.7,7005,02-10-2024
Chain Lakes Reservoir,,NE4-15-2-W5,RNTR,Campbell Lake,3N,18.8,14500,02-10-2024
Chatwin Lake,,NE4-61-6-W4,RNTR,Campbell Lake,2N,19.9,4000,02-05-2024
Chatwin Lake,,NE4-61-6-W4,RNTR,Riverence,AF2N,8.4,10779,02-05-2024
Chatwin Lake,,NE4-61-6-W4,RNTR,Riverence,AF2N,8,4221,02-05-2024
Chatwin Lake,,NE4-61-6-W4,RNTR,Campbell Lake,2N,20.1,5000,26-09-2024
Chrystina Lake,,NW8-67-8-W5,BKTR,Beitty Resort,3N,21.7,1550,14-05-2024
"Claude N. Brennan
Memorial Pond","Vermilion Park
Pond",NE36-50-7-W4,RNTR,"Trout
Lodge/Kamloops",AF3N,20.9,1250,08-05-2024
Cow Lake,,NE12-38-8-W5,RNTR,Riverence,AF3N,8,23199,03-05-2024
Cow Lake,,NE12-38-8-W5,RNTR,Riverence,AF3N,8.2,22088,03-05-2024
Cow Lake,,NE12-38-8-W5,RNTR,Riverence,AF3N,8.2,4713,03-05-2024
Cow Lake,,NE12-38-8-W5,BNTR,Bow River,3N,19.8,1500,03-05-2024
Cow Lake,,NE12-38-8-W5,RNTR,Trout Lodge/Silver's,AF3N,15.5,25102,23-05-2024
Cow Lake,,NE12-38-8-W5,RNTR,"Trout
Lodge/Kamloops",AF3N,20,8043,23-05-2024
Cow Lake,,NE12-38-8-W5,RNTR,Campbell Lake,3N,20,10000,23-09-2024
Cow Lake,,NE12-38-8-W5,RNTR,Campbell Lake,3N,18.3,10000,23-09-2024
Cow Lake,,NE12-38-8-W5,RNTR,Campbell Lake,3N,18.5,7775,26-09-2024
Cow Lake,,NE12-38-8-W5,RNTR,Campbell Lake,3N,18.9,7110,26-09-2024
Crane Lake,Moore Lake,NE3-64-4-W4,WALL,Marie Creek,2N,0.04,282720,30-05-2024
Crane Lake,Moore Lake,NE3-64-4-W4,WALL,Marie Creek,2N,0.04,60370,02-06-2024
Crowsnest Lake,,NE8-8-5-W5,RNTR,Campbell Lake,3N,20,7500,11-05-2024
Crowsnest Lake,,NE8-8-5-W5,RNTR,"Trout
Lodge/Jumpers",AF3N,20.5,2500,25-05-2024
Dillberry Lake,,NE36-41-1-W4,RNTR,Campbell Lake,2N,20,4000,24-04-2024
Dillberry Lake,,NE36-41-1-W4,RNTR,Pit Lakes,2N,17.8,7000,24-04-2024
Dillberry Lake,,NE36-41-1-W4,TGTR,Beitty/Bow River,3N,19.9,2000,24-04-2024
Dillberry Lake,,NE36-41-1-W4,RNTR,Campbell Lake,2N,10.5,10000,17-05-2024
Dillberry Lake,,NE36-41-1-W4,RNTR,Campbell Lake,2N,10.5,10000,17-05-2024
Dillberry Lake,,NE36-41-1-W4,RNTR,Campbell Lake,2N,18.1,10000,01-10-2024
Dillberry Lake,,NE36-41-1-W4,RNTR,Campbell Lake,2N,8.4,20000,01-10-2024
Dolberg Lake,,SE1-60-8-W5,RNTR,Campbell Lake,2N,20.3,3200,30-04-2024
Dolberg Lake,,SE1-60-8-W5,BNTR,Bow River,3N,20.2,1400,30-04-2024
Dolberg Lake,,SE1-60-8-W5,TGTR,Beitty/Bow River,3N,19.6,2000,30-04-2024
Dolberg Lake,,SE1-60-8-W5,RNTR,Campbell Lake,2N,10.2,5000,13-05-2024
Dolberg Lake,,SE1-60-8-W5,RNTR,Campbell Lake,2N,20.7,5000,20-09-2024
Dolberg Lake,,SE1-60-8-W5,TGTR,Beitty/Bow River,3N,10.6,7155,28-09-2024
Dunn Lake,,NW7-54-25-W5,BKTR,Beitty Resort,3N,19.2,1500,27-05-2024
East Dollar Lake,,NW8-73-21-W5,BNTR,Bow River,3N,20.1,500,07-05-2024
East Dollar Lake,,NW8-73-21-W5,RNTR,"Trout
Lodge/Jumpers",AF3N,19.9,1500,07-05-2024
East Dollar Lake,,NW8-73-21-W5,TGTR,Beitty/Bow River,3N,19.5,300,07-05-2024
Edith Lake,,NE13-67-10-W5,BKTR,Beitty Resort,3N,21,1550,20-06-2024
Emerald Lake,,SW5-62-11-W5,BKTR,Beitty Resort,3N,21.7,1800,03-06-2024
Emerson Lake,,SW5-19-28-W4,RNTR,"Trout
Lodge/Jumpers",AF3N,20.5,1400,03-05-2024
Emerson Lake,,SW5-19-28-W4,BNTR,Bow River,3N,19.8,200,03-05-2024
Emerson Lake,,SW5-19-28-W4,RNTR,Trout Lodge/Kamloops,AF3N,20.4,1400,13-06-2024
Emerson Lake,,SW5-19-28-W4,RNTR,"Trout
Lodge/Kamloops",AF3N,30,50,13-06-2024
Emerson Lakes,,NW6-55-21-W5,RNTR,"Trout
Lodge/Jumpers",AF3N,20.5,1125,30-05-2024
Engstrom Lake,,NW17-83-6-W4,RNTR,Campbell Lake,2N,10.1,10000,24-05-2024
Engstrom Lake,,NW17-83-6-W4,RNTR,"Trout
Lodge/Kamloops",AF3N,20.4,6000,04-06-2024
Engstrom Lake,,NW17-83-6-W4,RNTR,Campbell Lake,3N,22.2,15000,16-09-2024
Fairfax Lake,,NW17-46-18-W5,RNTR,"Trout
Lodge/Jumpers",AF3N,20.7,5000,21-05-2024
Fairfax Lake,,NW17-46-18-W5,RNTR,Trout Lodge/Silver's,AF3N,23.1,5000,19-09-2024
"Forty Mile Coulee
Reservoir",,SW14-8-11-W4,WALL,Lac Ste. Anne,2N,0.04,750000,29-05-2024
Goldeye Lake,,NE14-40-16-W5,RNTR,"Trout
Lodge/Jumpers",AF3N,20.8,5000,07-05-2024
Goldeye Lake,,NE14-40-16-W5,RNTR,Trout Lodge/Silver's,AF3N,23.1,5000,19-09-2024
Goose Lake,,NW33-61-8-W5,WALL,Rock Island,2N,0.04,354097,04-06-2024
Grande Cache Lake,,NE1-57-8-W6,RNTR,Riverence,AF2N,9.2,13500,09-05-2024
Grande Cache Lake,,NE1-57-8-W6,RNTR,Riverence,AF2N,9.2,1500,09-05-2024
Grande Cache Lake,,NE1-57-8-W6,RNTR,Campbell Lake,3N,19.9,8000,10-05-2024
Grande Cache Lake,,NE1-57-8-W6,RNTR,Campbell Lake,3N,21.2,15000,16-09-2024
Grande Cache Lake,,NE1-57-8-W6,RNTR,Campbell Lake,3N,7.1,10000,18-09-2024
Grotto Mountain Pond,,NW21-24-9-W5,RNTR,Riverence,AF3N,22.8,803,13-05-2024
Grotto Mountain Pond,,NW21-24-9-W5,RNTR,Riverence,AF3N,23.1,1235,05-06-2024
Grotto Mountain Pond,,NW21-24-9-W5,RNTR,Trout Lodge/Jumpers,AF3N,24.6,400,18-07-2024
Grotto Mountain Pond,,NW21-24-9-W5,RNTR,"Trout
Lodge/Jumpers",AF3N,24.9,400,23-07-2024
Hasse Lake,,SW13-52-2-W5,RNTR,Campbell Lake,2N,20.4,4000,30-04-2024
Hasse Lake,,SW13-52-2-W5,TGTR,Beitty/Bow River,3N,19.6,500,30-04-2024
Hasse Lake,,SW13-52-2-W5,RNTR,Campbell Lake,2N,9.9,10000,16-05-2024
Hasse Lake,,SW13-52-2-W5,TGTR,Beitty/Bow River,3N,21.7,1500,07-10-2024
Hasse Lake,,SW13-52-2-W5,RNTR,Campbell Lake,2N,19,8100,09-10-2024
Hasse Lake,,SW13-52-2-W5,RNTR,Campbell Lake,2N,20.9,1900,09-10-2024
Hasse Lake,,SW13-52-2-W5,RNTR,Campbell Lake,2N,55,130,16-10-2024
Hinton F & G Pond,Hinton Borrow Pit,SW28-50-25-W5,RNTR,"Trout
Lodge/Jumpers",AF3N,20.4,150,09-05-2024
Horseshoe Lake,,SW31-63-25-W4,BKTR,Beitty Resort,3N,7.6,12500,05-06-2024
Ironside Pond,,SW7-38-7-W5,TGTR,Beitty/Bow River,3N,20.1,400,03-05-2024
Ironside Pond,,SW7-38-7-W5,RNTR,"Trout
Lodge/Jumpers",AF3N,20.3,250,03-05-2024
Ironside Pond,,SW7-38-7-W5,TGTR,Beitty/Bow River,3N,23,400,16-09-2024
Island Lake,,NW12-8-6-W5,RNTR,Pit Lakes,3N,19.1,1900,16-05-2024
Jack Fish Lake,,NW20-53-9-W4,RNTR,Campbell Lake,2N,20,2000,03-05-2024
Jack Fish Lake,,NW20-53-9-W4,TGTR,Beitty/Bow River,3N,20.1,1000,03-05-2024
Jack Fish Lake,,NW20-53-9-W4,RNTR,Riverence,AF2N,8.5,5000,03-05-2024
Jack Fish Lake,,NW20-53-9-W4,RNTR,Campbell Lake,2N,20.7,3000,01-10-2024
Kakut Lake,,SW34-76-4-W6,RNTR,"Trout
Lodge/Jumpers",AF3N,20.1,750,08-05-2024
Kinky Lake,,SE6-50-26-W5,BKTR,Beitty Resort,3N,19.3,3300,30-05-2024
Kinky Lake,,SE6-50-26-W5,BKTR,Beitty Resort,3N,24.6,3066,17-09-2024
"Lac La Biche Trout
Pond","Alexander
Hamilton Pond",NW5-67-13-W4,RNTR,Campbell Lake,2N,20.3,240,09-05-2024
"Lac La Biche Trout
Pond","Alexander
Hamilton Pond",NW5-67-13-W4,RNTR,Campbell Lake,3N,21.4,600,26-09-2024
Lambert Pond,,NW8-53-17-W5,RNTR,"Trout
Lodge/Jumpers",AF3N,20,1000,16-05-2024
Lees Lake,,SW8-7-2-W5,RNTR,"Trout
Lodge/Jumpers",AF3N,20,10000,11-04-2024
Lees Lake,,SW8-7-2-W5,BNTR,Bow River,3N,19.5,1000,11-04-2024
Lees Lake,,SW8-7-2-W5,RNTR,Trout Lodge/Silver's,AF3N,14.1,15000,21-05-2024
Lees Lake,,SW8-7-2-W5,RNTR,Campbell Lake,3N,21,8200,26-09-2024
Lees Lake,,SW8-7-2-W5,RNTR,Campbell Lake,3N,17.4,11450,01-10-2024
Lees Lake,,SW8-7-2-W5,RNTR,Campbell Lake,3N,19.7,11014,03-10-2024
Lees Lake,,SW8-7-2-W5,RNTR,Campbell Lake,3N,17.4,9336,03-10-2024
Lily Lake,,NW7-75-5-W5,TGTR,Beitty/Bow River,3N,24.1,325,03-10-2024
Lily Lake,,NW7-75-5-W5,BKTR,Beitty Resort,3N,13,3660,03-10-2024
Little Bear Lake,Hasse Lake,NW19-64-2-W4,RNTR,Campbell Lake,2N,10.9,10000,03-06-2024
Little Bear Lake,Hasse Lake,NW19-64-2-W4,RNTR,Campbell Lake,2N,20.8,4403,11-06-2024
Little Bear Lake,Hasse Lake,NW19-64-2-W4,TGTR,Beitty/Bow River,3N,20.4,1500,11-06-2024
Little Bear Lake,Hasse Lake,NW19-64-2-W4,BKTR,Beitty Resort,3N,12.9,14500,25-09-2024
Little Bear Lake,Hasse Lake,NW19-64-2-W4,BNTR,Bow River,3N,9,5000,25-09-2024
Little Bear Lake,Hasse Lake,NW19-64-2-W4,RNTR,Campbell Lake,2N,19.6,5000,27-09-2024
Little Bear Lake,Hasse Lake,NW19-64-2-W4,RNTR,Campbell Lake,2N,8.6,15000,27-09-2024
Marigold Lake,,NW32-65-11-W5,BKTR,Beitty Resort,3N,13.5,7000,03-10-2024
Mary Gregg Lake,,NW4-48-24-W5,RNTR,Trout Lodge/Jumpers,AF3N,20.3,2000,30-05-2024
Mclean Pond,,NW20-22-5-W5,RNTR,Riverence,AF3N,23.2,1807,13-05-2024
Mclean Pond,,NW20-22-5-W5,RNTR,Trout Lodge/Jumpers,AF3N,21.5,3500,14-06-2024
Mcleod Lake,Carson Lake,SE25-61-12-W5,RNTR,Campbell Lake,3N,20,3204,16-05-2024
Mcleod Lake,Carson Lake,SE25-61-12-W5,RNTR,Campbell Lake,3N,19.5,14097,16-05-2024
Mcleod Lake,Carson Lake,SE25-61-12-W5,RNTR,Campbell Lake,3N,19.5,7156,17-05-2024
Mcleod Lake,Carson Lake,SE25-61-12-W5,RNTR,Riverence,AF3N,9.5,78018,29-05-2024
Mcleod Lake,Carson Lake,SE25-61-12-W5,RNTR,Campbell Lake,3N,19.8,14000,25-09-2024
Mcleod Lake,Carson Lake,SE25-61-12-W5,RNTR,Campbell Lake,3N,20.3,14000,26-09-2024
Mcleod Lake,Carson Lake,SE25-61-12-W5,RNTR,Campbell Lake,3N,19.3,8550,02-10-2024
Mcleod Lake,Carson Lake,SE25-61-12-W5,RNTR,Riverence,AF3N,9.7,15058,03-10-2024
Mcleod Lake,Carson Lake,SE25-61-12-W5,RNTR,Campbell Lake,3N,20.9,4200,09-10-2024
Mcleod Lake,Carson Lake,SE25-61-12-W5,RNTR,Campbell Lake,3N,19.1,6100,09-10-2024
Mcleod Lake,Carson Lake,SE25-61-12-W5,RNTR,Riverence,AF3N,14.1,20500,09-10-2024
Medley River,,SE11-65-2-W4,RNTR,"Trout
Lodge/Jumpers",AF3N,21.5,250,11-06-2024
Michel Reservoir,"Michel Creek
Reservoir",NE5-7-3-W4,RNTR,Campbell Lake,2N,20.2,3000,25-04-2024
Michel Reservoir,"Michel Creek
Reservoir",NE5-7-3-W4,BNTR,Bow River,3N,19.5,1500,25-04-2024
Michel Reservoir,Michel Creek Reservoir,NE5-7-3-W4,RNTR,Riverence,AF2N,18.6,6500,27-09-2024
Michel Reservoir,"Michel Creek
Reservoir",NE5-7-3-W4,RNTR,Riverence,AF2N,10.3,14991,05-10-2024
Michichi Reservoir,,SW19-30-18-W4,RNTR,"Trout
Lodge/Jumpers",AF3N,20.7,3360,25-04-2024
Millers Lake,,SW8-53-19-W5,RNTR,Campbell Lake,3N,20,5275,16-05-2024
Millers Lake,,SW8-53-19-W5,RNTR,Campbell Lake,3N,20.2,6516,24-09-2024
Millers Lake,,SW8-53-19-W5,RNTR,Campbell Lake,3N,20.5,6484,24-09-2024
Minnow Lake,,NW31-50-14-W5,WALL,Rock Island,2N,0.04,236065,04-06-2024
Mitchell Lake,,NE25-37-8-W5,BNTR,Bow River,3N,20.5,500,06-05-2024
Mitchell Lake,,NE25-37-8-W5,RNTR,Campbell Lake,3N,20.3,1000,06-05-2024
Mitchell Lake,,NE25-37-8-W5,TGTR,Beitty/Bow River,3N,23.6,1200,16-09-2024
Mitchell Pond,"Waskasoo Park
Pond",NW18-38-27-W4,RNTR,"Trout
Lodge/Kamloops",AF3N,20.4,2100,15-05-2024
Mitchell Pond,"Waskasoo Park
Pond",NW18-38-27-W4,RNTR,"Trout
Lodge/Kamloops",AF3N,30.1,27,15-05-2024
Montaganeusse Lake,Stoney Lake,NE31-86-3-W6,BKTR,Beitty Resort,3N,20.8,4580,14-05-2024
Montaganeusse Lake,Stoney Lake,NE31-86-3-W6,TGTR,Beitty/Bow River,3N,19.4,1975,14-05-2024
Moonshine Lake,Mirage Lake,SE31-79-8-W6,BNTR,Bow River,3N,20.4,500,08-05-2024
Moonshine Lake,Mirage Lake,SE31-79-8-W6,RNTR,Trout Lodge/Jumpers,AF3N,20.7,2035,08-05-2024
Moonshine Lake,Mirage Lake,SE31-79-8-W6,RNTR,"Trout
Lodge/Jumpers",AF3N,20.1,2615,08-05-2024
Moonshine Lake,Mirage Lake,SE31-79-8-W6,RNTR,Trout Lodge/Silver's,AF3N,23.6,4500,24-09-2024
Moonshine Lake,Mirage Lake,SE31-79-8-W6,BNTR,Bow River,3N,25.4,1496,24-09-2024
Mount Lorette Ponds,,SW19-23-8-W5,RNTR,Riverence,AF3N,22.8,402,13-05-2024
Mount Lorette Ponds,,SW19-23-8-W5,RNTR,Riverence,AF3N,23.1,800,05-06-2024
Mount Lorette Ponds,,SW19-23-8-W5,RNTR,"Trout
Lodge/Jumpers",AF3N,21.6,800,27-06-2024
Mount Lorette Ponds,,SW19-23-8-W5,RNTR,"Trout
Lodge/Jumpers",AF3N,24.9,400,18-07-2024
Mount Lorette Ponds,,SW19-23-8-W5,RNTR,"Trout
Lodge/Jumpers",AF3N,24.9,400,23-07-2024
Mount Lorette Ponds,,SW19-23-8-W5,RNTR,"Trout
Lodge/Jumpers",AF3N,25.3,650,08-08-2024
Mount Lorette Ponds,,SW19-23-8-W5,RNTR,Trout Lodge/Jumpers,AF3N,27.5,619,19-08-2024
Muir Lake,,NW32-53-27-W4,RNTR,Riverence,AF3N,22.8,1506,01-05-2024
Muir Lake,,NW32-53-27-W4,BNTR,Bow River,3N,20.1,500,01-05-2024
Niemela Reservoir,Ray's Pond,SE1-39-3-W5,RNTR,"Trout
Lodge/Kamloops",AF3N,20.5,1200,24-04-2024
Niemela Reservoir,Ray's Pond,SE1-39-3-W5,TGTR,Beitty/Bow River,3N,20.2,250,30-04-2024
Niemela Reservoir,Ray's Pond,SE1-39-3-W5,RNTR,"Trout
Lodge/Kamloops",AF3N,20.2,1100,07-06-2024
Obed Lake,,SW11-53-22-W5,BNTR,Bow River,3N,20.3,5323,30-05-2024
Obed Lake,,SW11-53-22-W5,BNTR,Bow River,3N,9.3,20000,02-10-2024
Ole Lake,,NW30-84-12-W6,RNTR,Trout Lodge/Jumpers,AF3N,20.1,1500,08-05-2024
Outpost Lake,Police Lake,NE6-1-26-W4,RNTR,Riverence,AF3N,22.9,3500,22-04-2024
Outpost Lake,Police Lake,NE6-1-26-W4,RNTR,Campbell Lake,3N,20.6,1500,22-04-2024
Outpost Lake,Police Lake,NE6-1-26-W4,RNTR,Campbell Lake,2N,45.1,40,16-05-2024
Parlby Reservoir,Tees Fish Pond,NE25-40-24-W4,RNTR,"Trout
Lodge/Kamloops",AF3N,20.4,400,07-05-2024
Payne Lake,Mami Lake,NE10-2-28-W4,RNTR,"Trout
Lodge/Jumpers",AF3N,19.8,15000,11-04-2024
Payne Lake,Mami Lake,NE10-2-28-W4,RNTR,Trout Lodge/Silver's,AF3N,12.2,54000,29-04-2024
Payne Lake,Mami Lake,NE10-2-28-W4,RNTR,Trout Lodge/Silver's,AF3N,14.1,27644,23-05-2024
Payne Lake,Mami Lake,NE10-2-28-W4,RNTR,Trout Lodge/Silver's,AF3N,14.1,28358,23-05-2024
Payne Lake,Mami Lake,NE10-2-28-W4,RNTR,"Trout
Lodge/Jumpers",AF3N,5.5,14610,20-09-2024
Payne Lake,Mami Lake,NE10-2-28-W4,RNTR,Campbell Lake,3N,16.2,19905,23-09-2024
Payne Lake,Mami Lake,NE10-2-28-W4,RNTR,Campbell Lake,3N,16.3,20067,24-09-2024
Payne Lake,Mami Lake,NE10-2-28-W4,RNTR,"Trout
Lodge/Jumpers",AF3N,6.4,15981,04-10-2024
Payne Lake,Mami Lake,NE10-2-28-W4,RNTR,Campbell Lake,3N,13.6,25118,08-10-2024
Payne Lake,Mami Lake,NE10-2-28-W4,RNTR,Campbell Lake,3N,14.5,22054,15-10-2024
Peanut Lake,,NE15-58-3-W5,BKTR,Beitty Resort,3N,19.6,2500,30-04-2024
Peanut Lake,,NE15-58-3-W5,RNTR,Campbell Lake,2N,17,5000,30-09-2024
Peanut Lake,,NE15-58-3-W5,RNTR,Campbell Lake,2N,20,9200,30-09-2024
Peppers Lake,,NW30-35-12-W5,RNTR,Trout Lodge/Jumpers,AF3N,21,1400,29-05-2024
Peppers Lake,,NW30-35-12-W5,BKTR,Beitty Resort,3N,19.2,3500,29-05-2024
Petite Lake,,NW12-54-26-W5,RNTR,"Trout
Lodge/Jumpers",AF3N,20.5,1000,27-05-2024
Phyllis Lake,,SE17-36-7-W5,RNTR,Campbell Lake,3N,20.3,5000,06-05-2024
Phyllis Lake,,SE17-36-7-W5,RNTR,Campbell Lake,3N,21.2,2300,25-09-2024
Phyllis Lake,,SE17-36-7-W5,RNTR,Campbell Lake,3N,19.5,4350,25-09-2024
Phyllis Lake,,SE17-36-7-W5,RNTR,Campbell Lake,3N,18,3350,25-09-2024
Phyllis Lake,,SE17-36-7-W5,RNTR,Campbell Lake,2N,65,50,05-10-2024
Pierre Greys Lakes,"Lower Pierre
Greys Lake",SE12-57-5-W6,RNTR,"Trout
Lodge/Jumpers",AF3N,20.2,3500,09-05-2024
Pierre Greys Lakes,"Lower Pierre
Greys Lake",SE12-57-5-W6,RNTR,"Trout
Lodge/Jumpers",AF3N,5.2,10000,17-09-2024
Pierre Greys Lakes,Middle Pierre Greys Lake,NW6-57-4-W6,RNTR,Trout Lodge/Jumpers,AF3N,20.4,7500,09-05-2024
Pierre Greys Lakes,"Middle Pierre
Greys Lake",NW6-57-4-W6,RNTR,"Trout
Lodge/Jumpers",AF3N,5.2,10000,17-09-2024
Pierre Greys Lakes,"Upper Pierre
Greys Lake",SW7-57-4-W6,BKTR,Beitty Resort,3N,19.2,3500,09-05-2024
Pierre Greys Lakes,"Upper Pierre
Greys Lake",SW7-57-4-W6,BNTR,Bow River,3N,20.5,1000,09-05-2024
Pierre Greys Lakes,Upper Pierre Greys Lake,SW7-57-4-W6,BKTR,Beitty Resort,3N,21.1,2162,10-06-2024
Pierre Greys Lakes,"Upper Pierre
Greys Lake",SW7-57-4-W6,BKTR,Beitty Resort,3N,23,2000,17-09-2024
Rainbow Park Pond,"Westlock
Recreation Pond",NE31-59-25-W4,RNTR,"Trout
Lodge/Kamloops",AF3N,20.9,1200,09-05-2024
Rat Lake,,SW11-38-9-W5,BKTR,Beitty Resort,3N,7.4,2500,31-05-2024
Rat Lake,,SW11-38-9-W5,TGTR,Beitty/Bow River,3N,23.3,700,16-09-2024
Rat Lake,,SW11-38-9-W5,BKTR,Beitty Resort,3N,12.9,2500,16-09-2024
Reesor Lake,,NW20-8-1-W4,RNTR,Campbell Lake,2N,20.1,6400,24-04-2024
Reesor Lake,,NW20-8-1-W4,TGTR,Beitty/Bow River,3N,19.4,3500,24-04-2024
Rocky Children's Pond,,SW33-39-7-W5,RNTR,Campbell Lake,2N,45.1,10,13-05-2024
Rocky Children's Pond,,SW33-39-7-W5,RNTR,Campbell Lake,3N,27.7,250,13-05-2024
Rocky Children's Pond,,SW33-39-7-W5,RNTR,Riverence,AF3N,23.2,500,31-05-2024
Rocky Children's Pond,,SW33-39-7-W5,RNTR,Riverence,AF3N,23.2,500,31-05-2024
Running Lake,,SW34-88-7-W6,RNTR,"Trout
Lodge/Jumpers",AF3N,20.1,2072,14-05-2024
Running Lake,,SW34-88-7-W6,RNTR,"Trout
Lodge/Jumpers",AF3N,20.7,103,14-05-2024
Salter's Lake,,SW26-54-2-W5,TGTR,Beitty/Bow River,3N,19.5,2000,01-05-2024
Salter's Lake,,SW26-54-2-W5,RNTR,Campbell Lake,2N,20.1,2332,01-05-2024
Salter's Lake,,SW26-54-2-W5,RNTR,Campbell Lake,2N,19.2,668,01-05-2024
Salter's Lake,,SW26-54-2-W5,RNTR,Campbell Lake,2N,20.7,3000,07-10-2024
Sardine Lake,,SW5-49-4-W5,RNTR,Campbell Lake,3N,20.8,1250,01-05-2024
Sauer Lake,,NE28-53-1-W5,RNTR,Campbell Lake,2N,20.3,2400,01-05-2024
Schuman Lake,,SE35-61-8-W5,RNTR,Campbell Lake,2N,10.2,7500,13-05-2024
Schuman Lake,,SE35-61-8-W5,RNTR,Campbell Lake,2N,21,1556,16-05-2024
Schuman Lake,,SE35-61-8-W5,RNTR,Campbell Lake,2N,20,4744,16-05-2024
Schuman Lake,,SE35-61-8-W5,TGTR,Beitty/Bow River,3N,19.5,500,16-05-2024
Sherburne Lake,"Sherburne
Reservoir",NE24-9-14-W4,WALL,Lac Ste. Anne,2N,0.04,500000,29-05-2024
Shunda Lake,Fish Lake,SW19-40-15-W5,RNTR,Campbell Lake,3N,20.1,7644,07-05-2024
Shunda Lake,Fish Lake,SW19-40-15-W5,RNTR,Campbell Lake,3N,20.3,2356,07-05-2024
Shunda Lake,Fish Lake,SW19-40-15-W5,RNTR,Campbell Lake,3N,21.6,6350,23-09-2024
Shunda Lake,Fish Lake,SW19-40-15-W5,RNTR,Campbell Lake,3N,17.5,11650,23-09-2024
"Sibbald Meadows
Pond",,SW20-24-7-W5,RNTR,Riverence,AF3N,23.2,1004,13-05-2024
"Sibbald Meadows
Pond",,SW20-24-7-W5,RNTR,Riverence,AF3N,23.1,1322,05-06-2024
Skeleton Lake,,NW7-65-18-W4,WALL,Marie Creek,2N,0.04,343091,02-06-2024
South Sundance Lake,,SE1-55-21-W5,BKTR,Beitty Resort,3N,12.9,4500,02-10-2024
Spring Lake,Cottage,SW30-52-1-W5,RNTR,Campbell Lake,2N,20.1,4000,01-05-2024
Spring Lake,Cottage,SW30-52-1-W5,BNTR,Bow River,3N,20.2,500,01-05-2024
Spring Lake,Cottage,SW30-52-1-W5,TGTR,Beitty/Bow River,3N,20.3,1500,01-05-2024
Spring Lake,Cottage,SW30-52-1-W5,RNTR,Campbell Lake,2N,10.1,7500,16-05-2024
Spring Lake,Cottage,SW30-52-1-W5,RNTR,Campbell Lake,2N,19.1,10000,27-09-2024
Spring Lake,Cottage,SW30-52-1-W5,TGTR,Beitty/Bow River,3N,23.4,1627,28-09-2024
Spruce Coulee Reservoir,,SW26-8-2-W4,BKTR,Beitty Resort,3N,18.8,5000,25-04-2024
"Spruce Coulee
Reservoir",,SW26-8-2-W4,BKTR,Beitty Resort,3N,12.6,12257,27-09-2024
"Spruce Coulee
Reservoir",,SW26-8-2-W4,BKTR,Beitty Resort,3N,13.2,5000,05-10-2024
Star Lake,,NE19-52-2-W5,RNTR,Campbell Lake,2N,20.4,3216,30-04-2024
Star Lake,,NE19-52-2-W5,BNTR,Bow River,3N,20.2,500,30-04-2024
Star Lake,,NE19-52-2-W5,TGTR,Beitty/Bow River,3N,19.6,1000,30-04-2024
Strubel Lake,,SW30-37-7-W5,RNTR,Campbell Lake,3N,20.2,6400,06-05-2024
Strubel Lake,,SW30-37-7-W5,RNTR,Campbell Lake,3N,20.5,7500,23-09-2024
Sulphur Lake,,NW7-89-2-W6,RNTR,Campbell Lake,3N,20,3750,27-05-2024
Swan Lake,,SW18-70-25-W5,RNTR,Campbell Lake,3N,19.3,7500,17-05-2024
Swan Lake,,SW18-70-25-W5,RNTR,Campbell Lake,3N,20.8,15000,19-09-2024
Sylvan Lake,,NW23-39-2-W5,WALL,Lac Ste. Anne,2N,0.04,1468869,30-05-2024
Sylvan Lake,,NW23-39-2-W5,WALL,Lac Ste. Anne,2N,0.04,2175257,31-05-2024
Tay Lake,,SW5-36-8-W5,RNTR,"Trout
Lodge/Jumpers",AF3N,20.9,2500,03-06-2024
Travers Reservoir,,SW33-14-21-W4,WALL,Lac Ste. Anne,2N,0.04,1990842,25-05-2024
Travers Reservoir,,SW33-14-21-W4,WALL,Lac Ste. Anne,2N,0.04,509158,27-05-2024
Twin Lakes,East Twin Lake,NE29-97-22-W5,RNTR,Campbell Lake,2N,20,1680,14-05-2024
Twin Lakes,East Twin Lake,NE29-97-22-W5,TGTR,Beitty/Bow River,3N,19.4,1000,14-05-2024
Twin Lakes,East Twin Lake,NE29-97-22-W5,RNTR,Campbell Lake,2N,20.4,4200,16-09-2024
Twin Lakes,,SW6-40-7-W5,RNTR,Campbell Lake,3N,20,3500,02-05-2024
Twin Lakes,,SW6-40-7-W5,RNTR,Campbell Lake,2N,35.1,26,08-05-2024
Twin Lakes,,SW6-40-7-W5,RNTR,Campbell Lake,2N,65,65,06-10-2024
Two Lakes,North Two Lake,NE20-62-12-W6,RNTR,"Trout
Lodge/Jumpers",AF3N,20.7,3600,21-05-2024
Two Lakes,South Two Lake,NE7-62-12-W6,RNTR,Trout Lodge/Silver's,AF3N,16.3,5000,29-05-2024
Unnamed,"Acadia Valley
Reservoir",SW5-25-2-W4,BKTR,Beitty Resort,3N,18.5,2000,23-04-2024
Unnamed,"Acadia Valley
Reservoir",SW5-25-2-W4,RNTR,Campbell Lake,2N,20.2,2000,23-04-2024
Unnamed,Allison Lake,SW27-8-5-W5,RNTR,Pit Lakes,3N,19.7,3740,17-05-2024
Unnamed,Anderson Dam,SW25-28-21-W4,RNTR,"Trout
Lodge/Kamloops",AF3N,20.5,900,22-04-2024
Unnamed,"Ardmore
Community Pond",NW1-62-4-W4,RNTR,Campbell Lake,2N,20,160,03-05-2024
Unnamed,"Ashland
Reservoir",NW17-48-3-W5,RNTR,Campbell Lake,2N,20,3200,29-04-2024
Unnamed,"Atlantic Richfield
Reservoir",NE29-67-9-W5,RNTR,Campbell Lake,2N,20.2,1220,16-05-2024
Unnamed,Avalanche Lake,NE29-28-10-W5,BKTR,Beitty Resort,3N,21.7,450,15-05-2024
Unnamed,Bashaw Pond,SE4-42-21-W4,RNTR,Trout Lodge/Jumpers,AF3N,20.9,500,18-04-2024
Unnamed,Bashaw Pond,SE4-42-21-W4,BKTR,Beitty Resort,3N,19.1,200,18-04-2024
Unnamed,Bathing Lake,SE11-4-1-W5,RNTR,Pit Lakes,3N,18.6,775,09-05-2024
Unnamed,Beaumont Pond,NW27-50-24-W4,BNTR,Bow River,3N,20.3,241,03-05-2024
Unnamed,Beaumont Pond,NW27-50-24-W4,TGTR,Beitty/Bow River,3N,19.7,200,03-05-2024
Unnamed,Beaumont Pond,NW27-50-24-W4,RNTR,Trout Lodge/Kamloops,AF3N,20.4,2000,14-05-2024
Unnamed,Bellis Beach Lake,SE15-59-15-W4,RNTR,Campbell Lake,2N,20,5600,02-05-2024
Unnamed,Big Iron Lake,NW1-15-4-W5,TGTR,Beitty/Bow River,3N,20,750,04-06-2024
Unnamed,"Black Nugget
Mine Pit",NW11-49-18-W4,RNTR,Campbell Lake,2N,20.1,5000,18-04-2024
Unnamed,"Black Nugget
Mine Pit",NW11-49-18-W4,TGTR,Beitty/Bow River,3N,20.1,4000,18-04-2024
Unnamed,"Black Nugget
Mine Pit",NW11-49-18-W4,RNTR,Riverence,AF2N,7.7,10000,18-04-2024
Unnamed,Boulder Lake,NE18-39-27-W4,RNTR,"Trout
Lodge/Kamloops",AF3N,20.5,1356,24-04-2024
Unnamed,Boulder Lake,NE18-39-27-W4,TGTR,Beitty/Bow River,3N,20.2,200,30-04-2024
Unnamed,Boulder Lake,NE18-39-27-W4,RNTR,"Trout
Lodge/Kamloops",AF3N,21.6,1600,07-06-2024
Unnamed,Boulder Lake,NE18-39-27-W4,RNTR,Trout Lodge/Silver's,AF3N,21.1,500,04-10-2024
Unnamed,"Bow City East
Ponds",NE15-17-17-W4,RNTR,"Trout
Lodge/Kamloops",AF3N,20.5,2000,18-04-2024
Unnamed,Boyle Pond,NE16-64-19-W4,RNTR,"Trout
Lodge/Jumpers",AF3N,20.1,2200,03-05-2024
Unnamed,"Brooks Aquaduct
Pond",NE15-18-14-W4,RNTR,Campbell Lake,2N,20.4,4000,15-04-2024
Unnamed,"Brooks Aquaduct
Pond",NE15-18-14-W4,RNTR,Riverence,AF2N,7.4,10000,15-04-2024
Unnamed,"Brooks Aquaduct
Pond",NE15-18-14-W4,RNTR,Campbell Lake,2N,9.9,10000,16-05-2024
Unnamed,"Brooks Aquaduct
Pond",NE15-18-14-W4,RNTR,Campbell Lake,2N,20.1,4885,16-05-2024
Unnamed,"Bud Miller Park
Pond",NE26-49-1-W4,RNTR,"Trout
Lodge/Jumpers",AF3N,20.9,1500,02-05-2024
Unnamed,Burmis Lake,SE14-7-3-W5,RNTR,Pit Lakes,3N,18.9,1000,10-05-2024
Unnamed,Burn's Reservoir,NE23-6-30-W4,RNTR,Pit Lakes,3N,18.6,1000,09-05-2024
Unnamed,By The Lake Park,SW22-46-24-W4,RNTR,Campbell Lake,2N,20.7,2000,29-04-2024
Unnamed,Camp 9 Trout Pond,NE32-44-8-W5,RNTR,Trout Lodge/Jumpers,AF3N,20.7,250,21-05-2024
Unnamed,Cardiff Park Pond,SW24-55-25-W4,RNTR,Campbell Lake,2N,20,4600,30-04-2024
Unnamed,Cardiff Park Pond,SW24-55-25-W4,BNTR,Bow River,3N,20.2,500,30-04-2024
Unnamed,Cardiff Park Pond,SW24-55-25-W4,TGTR,Beitty/Bow River,3N,19.6,2550,30-04-2024
Unnamed,Cardiff Park Pond,SW24-55-25-W4,RNTR,Campbell Lake,2N,9.9,10000,15-05-2024
Unnamed,Cardiff Park Pond,SW24-55-25-W4,RNTR,Campbell Lake,2N,8.2,15000,17-09-2024
Unnamed,Cardiff Park Pond,SW24-55-25-W4,RNTR,Campbell Lake,2N,20.6,7000,02-10-2024
Unnamed,Cardiff Park Pond,SW24-55-25-W4,TGTR,Beitty/Bow River,3N,10.8,12000,07-10-2024
Unnamed,Cardiff Park Pond,SW24-55-25-W4,RNTR,Campbell Lake,2N,55,50,16-10-2024
Unnamed,"Castaway Trout
Pond",NE35-47-13-W4,RNTR,"Trout
Lodge/Kamloops",AF3N,20.9,1100,10-05-2024
Unnamed,"Castor Eastside
Trout Pond",SE34-37-14-W4,RNTR,"Trout
Lodge/Kamloops",AF3N,20.9,400,10-05-2024
Unnamed,Castor Eastside Trout Pond,SE34-37-14-W4,RNTR,Trout Lodge/Kamloops,AF3N,30.1,30,10-05-2024
Unnamed,"Cecil Thompson
Pond",SW23-83-21-W5,RNTR,"Trout
Lodge/Jumpers",AF3N,20.7,500,14-05-2024
Unnamed,"Cipperley's
Reservoir",SW8-32-1-W5,RNTR,"Trout
Lodge/Kamloops",AF3N,20.5,1100,22-04-2024
Unnamed,Corner Lake,NW4-6-20-W4,RNTR,"Trout
Lodge/Jumpers",AF3N,20,2500,10-04-2024
Unnamed,Corner Lake,NW4-6-20-W4,RNTR,Campbell Lake,3N,17.7,10000,03-10-2024
Unnamed,"Coronation
Reservoir",SW24-36-11-W4,RNTR,Campbell Lake,2N,19.9,2120,17-04-2024
Unnamed,Coronation Reservoir,SW24-36-11-W4,BNTR,Bow River,3N,20.7,1000,17-04-2024
Unnamed,"Coronation
Reservoir",SW24-36-11-W4,TGTR,Beitty/Bow River,3N,18.6,1000,17-04-2024
Unnamed,"Coronation
Reservoir",SW24-36-11-W4,RNTR,Campbell Lake,2N,10.3,5000,16-05-2024
Unnamed,"County Sportplex
Pond",NW14-72-6-W6,RNTR,"Trout
Lodge/Jumpers",AF3N,20.1,2000,08-05-2024
Unnamed,County Sportplex Pond,NW14-72-6-W6,TGTR,Beitty/Bow River,3N,19.2,50,08-05-2024
Unnamed,"Crossfield Trout
Pond",SE27-28-1-W5,RNTR,"Trout
Lodge/Jumpers",AF3N,20.3,700,01-05-2024
Unnamed,Cummings Lake,SE10-82-3-W6,RNTR,Pit Lakes,3N,19.1,1600,16-05-2024
Unnamed,Dandurand Lake,NE9-53-19-W5,RNTR,"Trout
Lodge/Jumpers",AF3N,20,500,16-05-2024
Unnamed,Daysland Pond,NE9-45-16-W4,RNTR,Trout Lodge/Jumpers,AF3N,21.3,400,18-04-2024
Unnamed,Dewitt's Pond,SE31-26-1-W5,RNTR,"Trout
Lodge/Kamloops",AF3N,20.5,1100,22-04-2024
Unnamed,Dewitt's Pond,SE31-26-1-W5,BNTR,Bow River,3N,19.8,2350,02-05-2024
Unnamed,"Dickson Trout
Pond",NW13-35-3-W5,RNTR,"Trout
Lodge/Jumpers",AF3N,20,9000,01-05-2024
Unnamed,"Dickson Trout
Pond",NW13-35-3-W5,TGTR,Beitty/Bow River,3N,20.3,1700,01-05-2024
Unnamed,"Dickson Trout
Pond",NW13-35-3-W5,RNTR,"Trout
Lodge/Jumpers",AF3N,20.7,1400,08-05-2024
Unnamed,Dickson Trout Pond,NW13-35-3-W5,RNTR,Riverence,AF2N,10,17546,04-06-2024
Unnamed,"Dickson Trout
Pond",NW13-35-3-W5,RNTR,Riverence,AF3N,9.5,4814,04-06-2024
Unnamed,"Dickson Trout
Pond",NW13-35-3-W5,TGTR,Beitty/Bow River,3N,23.4,500,16-09-2024
Unnamed,"Dickson Trout
Pond",NW13-35-3-W5,RNTR,Campbell Lake,3N,21.5,2252,19-09-2024
Unnamed,"Dickson Trout
Pond",NW13-35-3-W5,RNTR,Campbell Lake,3N,16.7,10000,19-09-2024
Unnamed,"Dickson Trout
Pond",NW13-35-3-W5,TGTR,Beitty/Bow River,3N,24.1,1300,24-09-2024
Unnamed,"Dickson Trout
Pond",NW13-35-3-W5,TGTR,Beitty/Bow River,3N,24.4,528,25-09-2024
Unnamed,"Diplomat Mine
Pond",NW1-41-16-W4,RNTR,Campbell Lake,2N,20.3,2000,18-04-2024
Unnamed,"Diplomat Mine
Pond",NW1-41-16-W4,TGTR,Beitty/Bow River,3N,19.3,1500,18-04-2024
Unnamed,"Diplomat Mine
Pond",NW1-41-16-W4,RNTR,Campbell Lake,2N,43.2,30,25-04-2024
Unnamed,"Diplomat Mine
Pond",NW1-41-16-W4,RNTR,Campbell Lake,2N,35.1,55,06-05-2024
Unnamed,East Pit Lake,SE23-53-4-W5,RNTR,Pit Lakes,2N,18.6,8120,03-05-2024
Unnamed,East Pit Lake,SE23-53-4-W5,RNTR,Campbell Lake,2N,10.5,7000,15-05-2024
Unnamed,East Pit Lake,SE23-53-4-W5,RNTR,Campbell Lake,3N,20.5,4500,27-09-2024
Unnamed,East Stormwater Pond,SE29-40-26-W4,BNTR,Bow River,3N,20.4,100,30-04-2024
Unnamed,"East Stormwater
Pond",SE29-40-26-W4,RNTR,"Trout
Lodge/Kamloops",AF3N,20.3,1000,28-05-2024
Unnamed,"Echo Dale
Regional Park Pond",SE5-13-6-W4,RNTR,"Trout
Lodge/Kamloops",AF3N,20.1,1760,16-05-2024
Unnamed,"Echo Dale
Regional Park Pond",SE5-13-6-W4,RNTR,"Trout
Lodge/Kamloops",AF3N,30.1,40,16-05-2024
Unnamed,Elk Creek Pond,NW33-35-12-W5,RNTR,Trout Lodge/Jumpers,AF3N,20.7,250,08-05-2024
Unnamed,Elk Point Pond,NW36-56-7-W4,RNTR,Campbell Lake,2N,19.5,360,03-05-2024
Unnamed,Elk Point Pond,NW36-56-7-W4,BKTR,Beitty Resort,3N,19.5,500,03-05-2024
Unnamed,Elk Point Pond,NW36-56-7-W4,TGTR,Beitty/Bow River,3N,20.1,150,03-05-2024
Unnamed,Enchant Pond,NW8-14-18-W4,TGTR,Beitty/Bow River,3N,20,200,10-04-2024
Unnamed,Enchant Pond,NW8-14-18-W4,RNTR,"Trout
Lodge/Kamloops",AF3N,20.5,2000,18-04-2024
Unnamed,"Fairview College
Pond",SW34-81-3-W6,RNTR,"Trout
Lodge/Jumpers",AF3N,20.1,500,08-05-2024
Unnamed,Fiesta Lake,NE12-35-6-W5,RNTR,"Trout
Lodge/Jumpers",AF3N,20.2,275,06-05-2024
Unnamed,Figure Eight Lake,NE20-84-25-W5,RNTR,"Trout
Lodge/Jumpers",AF3N,19.9,4500,07-05-2024
Unnamed,Figure Eight Lake,NE20-84-25-W5,RNTR,Campbell Lake,3N,19.8,6000,25-09-2024
Unnamed,Footner Pond,SE5-111-19-W5,RNTR,"Trout
Lodge/Jumpers",AF3N,20.7,250,14-05-2024
Unnamed,"Foremost
Reservoir",NW17-6-11-W4,RNTR,"Trout
Lodge/Kamloops",AF3N,20.5,1500,18-04-2024
Unnamed,"Foremost
Reservoir",NW17-6-11-W4,RNTR,Campbell Lake,3N,21.8,500,07-10-2024
Unnamed,"Fox Creek Trout
Pond",NW13-63-20-W5,RNTR,Riverence,AF3N,23.2,251,27-05-2024
Unnamed,"Genesee Trout
Pond",NW1-51-3-W5,RNTR,"Trout
Lodge/Jumpers",AF3N,20.1,250,24-05-2024
Unnamed,Gibbons Pond,NE10-56-23-W4,RNTR,Trout Lodge/Kamloops,AF3N,20.9,325,09-05-2024
Unnamed,"Goldspring Park
Pond",NE6-2-15-W4,RNTR,"Trout
Lodge/Kamloops",AF3N,20.5,2363,18-04-2024
Unnamed,"Goldspring Park
Pond",NE6-2-15-W4,RNTR,"Trout
Lodge/Kamloops",AF3N,21.6,2362,10-06-2024
Unnamed,"Goldspring Park
Pond",NE6-2-15-W4,RNTR,"Trout
Lodge/Kamloops",AF3N,30,50,10-06-2024
Unnamed,Goodwin Reservoir,NW5-22-2-W5,RNTR,Trout Lodge/Jumpers,AF3N,21.5,350,14-06-2024
Unnamed,"Gooseberry Park
Pond",NE22-36-6-W4,RNTR,"Trout
Lodge/Kamloops",AF3N,20.5,3500,23-04-2024
Unnamed,"Hansen's
Reservoir",NE29-38-3-W5,RNTR,"Trout
Lodge/Kamloops",AF3N,20.5,1000,24-04-2024
Unnamed,"Hansen's
Reservoir",NE29-38-3-W5,RNTR,Campbell Lake,3N,23.1,500,15-10-2024
Unnamed,Harleck Pond,SE5-41-14-W5,RNTR,Trout Lodge/Jumpers,AF3N,20.6,400,07-05-2024
Unnamed,Heritage Lake,NW33-55-25-W4,RNTR,"Trout
Lodge/Jumpers",AF3N,20.2,4050,29-04-2024
Unnamed,Heritage Lake,NW33-55-25-W4,BKTR,Beitty Resort,3N,19,1600,29-04-2024
Unnamed,Heritage Lake,NW33-55-25-W4,BNTR,Bow River,3N,20.8,500,29-04-2024
Unnamed,Heritage Lake,NW33-55-25-W4,RNTR,Campbell Lake,3N,21.5,3000,30-09-2024
Unnamed,"Hermitage Park
Pond",NE18-53-23-W4,RNTR,"Trout
Lodge/Jumpers",AF3N,20.3,1295,01-05-2024
Unnamed,"Hermitage Park
Pond",NE18-53-23-W4,BNTR,Bow River,3N,20.1,300,01-05-2024
Unnamed,"Hermitage Park
Pond",NE18-53-23-W4,RNTR,"Trout
Lodge/Kamloops",AF3N,20.9,1100,09-05-2024
Unnamed,"Hermitage Park
Pond",NE18-53-23-W4,RNTR,"Trout
Lodge/Jumpers",AF3N,21.4,1100,10-06-2024
Unnamed,Highway 40 Pond,SW12-69-6-W6,RNTR,Trout Lodge/Jumpers,AF3N,20.1,500,08-05-2024
Unnamed,Highway 63 Pond,NE35-87-9-W4,RNTR,Campbell Lake,2N,20.1,400,10-05-2024
Unnamed,"Highway 686
Pond",NE17-85-19-W5,RNTR,"Trout
Lodge/Jumpers",AF3N,20.7,250,14-05-2024
Unnamed,Hiller's Reservoir,SE13-32-29-W4,RNTR,Campbell Lake,2N,20,3000,19-04-2024
Unnamed,Huber Reservoir,SW36-37-13-W4,TGTR,Beitty/Bow River,3N,19,1250,17-04-2024
Unnamed,Huber Reservoir,SW36-37-13-W4,RNTR,Riverence,AF2N,7.6,5000,17-04-2024
Unnamed,Huber Reservoir,SW36-37-13-W4,RNTR,Campbell Lake,2N,20,2400,17-04-2024
Unnamed,"Innisfree Trout
Pond",SE13-51-12-W4,RNTR,"Trout
Lodge/Jumpers",AF3N,20.9,400,02-05-2024
Unnamed,Innisfree Trout Pond,SE13-51-12-W4,BKTR,Beitty Resort,3N,19.2,600,02-05-2024
Unnamed,"Irma Fish and
Game Pond",SW34-45-9-W4,RNTR,"Trout
Lodge/Jumpers",AF3N,20.9,200,02-05-2024
Unnamed,"Irma Fish and
Game Pond",SW34-45-9-W4,BKTR,Beitty Resort,3N,19.2,300,02-05-2024
Unnamed,"Jarvis Creek
Pond",NE19-52-26-W5,RNTR,"Trout
Lodge/Jumpers",AF3N,20.5,350,27-05-2024
Unnamed,Kerbe's Pond,NE19-36-20-W4,RNTR,"Trout
Lodge/Jumpers",AF3N,20.7,500,17-04-2024
Unnamed,Kerbe's Pond,NE19-36-20-W4,TGTR,Beitty/Bow River,3N,19.5,1000,17-04-2024
Unnamed,Kerbe's Pond,NE19-36-20-W4,BNTR,Bow River,3N,20.7,250,17-04-2024
Unnamed,Kerbe's Pond,NE19-36-20-W4,RNTR,Campbell Lake,2N,55.2,15,25-04-2024
Unnamed,"Kids Can Catch
Pond",SW13-24-1-W5,RNTR,"Trout
Lodge/Jumpers",AF3N,24.9,50,18-07-2024
Unnamed,"Kids Can Catch
Pond",SW13-24-1-W5,RNTR,Campbell Lake,2N,35,10,23-07-2024
Unnamed,"Kids Can Catch
Pond",SW13-24-1-W5,RNTR,Campbell Lake,2N,55,1,23-07-2024
Unnamed,"Kids Can Catch
Pond",SW13-24-1-W5,RNTR,"Trout
Lodge/Jumpers",AF3N,27.5,139,19-08-2024
Unnamed,"Kraft Wimborne
Pond",SE28-33-26-W4,RNTR,"Trout
Lodge/Jumpers",AF3N,20.4,180,30-04-2024
Unnamed,"Kraft Wimborne
Pond",SE28-33-26-W4,TGTR,Beitty/Bow River,3N,20.2,70,30-04-2024
Unnamed,"Kraft Wimborne
Pond",SE28-33-26-W4,BKTR,Beitty Resort,3N,19.8,230,30-04-2024
Unnamed,Kramer Pond,SW25-45-6-W5,RNTR,"Trout
Lodge/Jumpers",AF3N,20.5,1750,03-05-2024
Unnamed,Kramer Pond,SW25-45-6-W5,RNTR,Campbell Lake,3N,21.4,1500,19-09-2024
Unnamed,La Crete Pond,SW15-106-12-W5,RNTR,Trout Lodge/Jumpers,AF3N,20.7,750,14-05-2024
Unnamed,"Lacombe Park
Pond",NW5-54-25-W4,RNTR,"Trout
Lodge/Jumpers",AF3N,20.3,500,30-04-2024
Unnamed,"Lacombe Park
Pond",NW5-54-25-W4,BKTR,Beitty Resort,3N,21.7,600,15-05-2024
Unnamed,Lamont Pond,SW27-55-19-W4,RNTR,"Trout
Lodge/Kamloops",AF3N,20.9,2000,08-05-2024
Unnamed,Lara Fish Pond,NE25-61-5-W4,RNTR,Campbell Lake,2N,20,160,03-05-2024
Unnamed,Lara Fish Pond,NE25-61-5-W4,RNTR,Campbell Lake,2N,22.5,200,07-10-2024
Unnamed,Leduc Reservoir,NE27-49-25-W4,RNTR,Campbell Lake,2N,20.7,1310,29-04-2024
Unnamed,Leduc Reservoir,NE27-49-25-W4,RNTR,Campbell Lake,2N,20,690,29-04-2024
Unnamed,Legal Reservoir,NW24-57-25-W4,RNTR,"Trout
Lodge/Jumpers",AF3N,20.1,1200,17-05-2024
Unnamed,Len Thompson Pond,NW29-40-26-W4,RNTR,Trout Lodge/Jumpers,AF3N,20.3,1792,30-04-2024
Unnamed,"Len Thompson
Pond",NW29-40-26-W4,TGTR,Beitty/Bow River,3N,19.7,650,30-04-2024
Unnamed,"Len Thompson
Pond",NW29-40-26-W4,RNTR,"Trout
Lodge/Kamloops",AF3N,20.3,400,28-05-2024
Unnamed,"Len Thompson
Pond",NW29-40-26-W4,RNTR,"Trout
Lodge/Kamloops",AF3N,30,40,28-05-2024
Unnamed,"Little Beaverdam
Lake",SE34-1-28-W4,TGTR,Beitty/Bow River,3N,19.5,1000,16-05-2024
Unnamed,"Lloydminster
Pond",SE6-50-1-W4,RNTR,Campbell Lake,2N,20,200,03-05-2024
Unnamed,Lodgepole Pond,NE1-48-10-W5,RNTR,"Trout
Lodge/Jumpers",AF3N,20.1,100,24-05-2024
Unnamed,"Lougheed Trout
Pond",NE33-43-11-W4,RNTR,"Trout
Lodge/Kamloops",AF3N,20.9,600,10-05-2024
Unnamed,Lovett Lake,NW10-47-19-W5,RNTR,"Trout
Lodge/Jumpers",AF3N,20.2,500,23-05-2024
Unnamed,Machesis Lake,NW27-107-16-W5,RNTR,"Trout
Lodge/Jumpers",AF3N,20.7,2000,14-05-2024
Unnamed,"Magrath
Childrens Pond",SW26-5-22-W4,RNTR,"Trout
Lodge/Kamloops",AF3N,21.6,500,11-06-2024
Unnamed,Magrath Childrens Pond,SW26-5-22-W4,RNTR,Trout Lodge/Kamloops,AF3N,30,25,11-06-2024
Unnamed,Mayan Lake,NW5-57-23-W5,RNTR,"Trout
Lodge/Jumpers",AF3N,20.7,1000,22-05-2024
Unnamed,"McClennan
Reservoir",SW32-77-19-W5,RNTR,"Trout
Lodge/Jumpers",AF3N,20.7,250,29-05-2024
Unnamed,"McLarenâ€™s
Reservoir",SW23-33-18-W4,RNTR,"Trout
Lodge/Jumpers",AF3N,20.5,2008,25-05-2024
Unnamed,"McLaren's
Reservoir",SW23-33-18-W4,RNTR,"Trout
Lodge/Jumpers",AF3N,20.7,1352,25-05-2024
Unnamed,"McQuillan
Reservoir",SW13-8-19-W4,RNTR,"Trout
Lodge/Jumpers",AF3N,19.9,1900,10-04-2024
Unnamed,"McQuillan
Reservoir",SW13-8-19-W4,RNTR,"Trout
Lodge/Kamloops",AF3N,21.6,1400,10-06-2024
Unnamed,"McVinnie
Reservoir",SW33-12-21-W4,RNTR,"Trout
Lodge/Jumpers",AF3N,20,1155,10-04-2024
Unnamed,McVinnie Reservoir,SW33-12-21-W4,TGTR,Beitty/Bow River,3N,20,400,10-04-2024
Unnamed,"McVinnie
Reservoir",SW33-12-21-W4,RNTR,"Trout
Lodge/Kamloops",AF3N,21.6,1645,10-06-2024
Unnamed,"Md Peace Pond
#1",SW27-83-23-W5,RNTR,"Trout
Lodge/Jumpers",AF3N,20.7,500,14-05-2024
Unnamed,"Md Peace Pond
#2",SW27-83-23-W5,RNTR,"Trout
Lodge/Jumpers",AF3N,20.7,500,14-05-2024
Unnamed,Midway Reservoir,SE16-30-27-W4,RNTR,Trout Lodge/Kamloops,AF3N,20.5,2000,22-04-2024
Unnamed,Mile 07 Lake,NE35-69-14-W4,RNTR,Campbell Lake,2N,20.1,4400,10-05-2024
Unnamed,Mitford Ponds,SE4-26-4-W5,BNTR,Bow River,3N,19.4,61,03-05-2024
Unnamed,Mitford Ponds,SE4-26-4-W5,RNTR,"Trout
Lodge/Jumpers",AF3N,20.9,350,03-05-2024
Unnamed,Mitford Ponds,SE4-26-4-W5,RNTR,"Trout
Lodge/Kamloops",AF3N,20.4,263,13-06-2024
Unnamed,Mitford Ponds,SE4-26-4-W5,RNTR,"Trout
Lodge/Kamloops",AF3N,30,25,13-06-2024
Unnamed,"Morinville Fish
and Game Pond",NW4-56-25-W4,BNTR,Bow River,3N,20.8,222,29-04-2024
Unnamed,"Morinville Fish
and Game Pond",NW4-56-25-W4,RNTR,"Trout
Lodge/Jumpers",AF3N,20.2,1425,29-04-2024
Unnamed,"Morinville Fish
and Game Pond",NW4-56-25-W4,RNTR,Campbell Lake,3N,21.5,1000,30-09-2024
Unnamed,"Mound Red
Reservoir",NW11-45-28-W4,RNTR,"Trout
Lodge/Kamloops",AF3N,20.4,3000,07-05-2024
Unnamed,"Mound Red
Reservoir",NW11-45-28-W4,RNTR,"Trout
Lodge/Kamloops",AF3N,30.1,50,17-05-2024
Unnamed,Muskoseepi Pond,SE26-71-6-W6,RNTR,"Trout
Lodge/Jumpers",AF3N,20.1,250,08-05-2024
Unnamed,Nardam Lake,NE17-78-5-W6,RNTR,Trout Lodge/Jumpers,AF3N,20.1,250,08-05-2024
Unnamed,"Nicholas Sheran
Park Pond",SE26-8-22-W4,RNTR,Riverence,AF3N,22.5,1000,10-04-2024
Unnamed,"Nicholas Sheran
Park Pond",SE26-8-22-W4,BKTR,Beitty Resort,3N,19.7,1000,10-04-2024
Unnamed,"Nicholas Sheran
Park Pond",SE26-8-22-W4,BNTR,Bow River,3N,18.5,1000,10-04-2024
Unnamed,Nicholas Sheran Park Pond,SE26-8-22-W4,BKTR,Bow River,2N,38,268,11-04-2024
Unnamed,"Nicholas Sheran
Park Pond",SE26-8-22-W4,RNTR,Campbell Lake,2N,55,50,17-10-2024
Unnamed,Niton Lake,SE32-53-12-W5,RNTR,Riverence,AF3N,23,753,13-05-2024
Unnamed,"Nordegg Borrow
Pit (East)",SE32-40-15-W5,RNTR,Riverence,AF3N,23.1,151,07-05-2024
Unnamed,Nordegg Borrow Pit (East),SE32-40-15-W5,RNTR,Campbell Lake,2N,45,20,04-06-2024
Unnamed,"Nordegg Borrow
Pit (West)",SW32-40-15-W5,RNTR,Riverence,AF3N,23.1,201,07-05-2024
Unnamed,"Nordegg Borrow
Pit (West)",SW32-40-15-W5,RNTR,Campbell Lake,2N,45,20,04-06-2024
Unnamed,Nose Creek Pond,NE1-27-1-W5,RNTR,"Trout
Lodge/Kamloops",AF3N,20.4,350,15-05-2024
Unnamed,Nose Creek Pond,NE1-27-1-W5,RNTR,"Trout
Lodge/Kamloops",AF3N,30.1,50,15-05-2024
Unnamed,Nuggent Pond,SE14-44-3-W5,RNTR,"Trout
Lodge/Kamloops",AF3N,20.4,600,07-05-2024
Unnamed,"Open Creek
Reservoir",NE25-42-6-W5,RNTR,Campbell Lake,2N,20,2400,02-05-2024
Unnamed,Open Creek Reservoir,NE25-42-6-W5,RNTR,Campbell Lake,2N,50.1,25,10-05-2024
Unnamed,"Open Creek
Reservoir",NE25-42-6-W5,RNTR,Campbell Lake,2N,35.1,25,10-05-2024
Unnamed,"Open Creek
Reservoir",NE25-42-6-W5,RNTR,Campbell Lake,3N,22,1000,04-06-2024
Unnamed,"Oyen (Concrete
Plant) Pond",NW34-27-4-W4,RNTR,"Trout
Lodge/Kamloops",AF3N,21.6,350,07-06-2024
Unnamed,Pine Coulee Reservoir,NE15-14-28-W4,RNTR,Trout Lodge/Jumpers,AF3N,20.4,3750,15-04-2024
Unnamed,"Pine Coulee
Reservoir",NE15-14-28-W4,RNTR,Riverence,AF3N,11.8,31959,20-09-2024
Unnamed,Pit 24,NE4-47-19-W5,RNTR,"Trout
Lodge/Jumpers",AF3N,20.7,375,23-05-2024
Unnamed,Pit 24,NE4-47-19-W5,BNTR,Bow River,3N,20.6,250,23-05-2024
Unnamed,Pit 35,SW26-46-19-W5,RNTR,"Trout
Lodge/Jumpers",AF3N,20.7,195,21-05-2024
Unnamed,Pit 44,SW35-46-19-W5,RNTR,"Trout
Lodge/Jumpers",AF3N,20.7,550,21-05-2024
Unnamed,Pit 45,SE26-46-19-W5,RNTR,Trout Lodge/Jumpers,AF3N,20.7,550,21-05-2024
Unnamed,"Pleasure Island
Reservoir",SW20-46-19-W4,RNTR,"Trout
Lodge/Jumpers",AF3N,20.7,1100,25-04-2024
Unnamed,"Pleasure Island
Reservoir",SW20-46-19-W4,BNTR,Bow River,3N,19.7,193,25-04-2024
Unnamed,"Pleasure Island
Reservoir",SW20-46-19-W4,BKTR,Beitty Resort,3N,21.7,750,15-05-2024
Unnamed,Pleasure Island Reservoir,SW20-46-19-W4,TGTR,Beitty/Bow River,3N,19.9,200,25-05-2024
Unnamed,"Pleasure Island
Reservoir",SW20-46-19-W4,RNTR,"Trout
Lodge/Kamloops",AF3N,20.4,813,12-06-2024
Unnamed,"Pleasure Island
Reservoir",SW20-46-19-W4,RNTR,Campbell Lake,3N,20.4,1800,18-09-2024
Unnamed,"Pleasure Island
Reservoir",SW20-46-19-W4,RNTR,Trout Lodge/Silver's,AF3N,21.1,500,04-10-2024
Unnamed,"Ponoka
Centennial Park Pond",NE5-43-25-W4,RNTR,"Trout
Lodge/Kamloops",AF3N,20.5,1000,24-04-2024
Unnamed,"Ponoka
Centennial Park Pond",NE5-43-25-W4,TGTR,Beitty/Bow River,3N,19.7,100,30-04-2024
Unnamed,"Radway Fish
Pond",SE31-58-20-W4,RNTR,"Trout
Lodge/Jumpers",AF3N,20,1040,10-05-2024
Unnamed,Rainbow Lake Pond,NE25-109-9-W6,RNTR,Trout Lodge/Jumpers,AF3N,20.7,500,14-05-2024
Unnamed,Riverstone Pond,SW24-8-22-W4,RNTR,Riverence,AF3N,22.2,919,10-04-2024
Unnamed,Severn Creek Reservoir,NW12-26-22-W4,RNTR,Trout Lodge/Jumpers,AF3N,20.2,3360,15-04-2024
Unnamed,"Shell True North
Pond",SW10-79-8-W6,BKTR,Beitty Resort,3N,19.8,590,08-05-2024
Unnamed,"Shell True North
Pond",SW10-79-8-W6,TGTR,Beitty/Bow River,3N,19.2,50,08-05-2024
Unnamed,Shemeluk Lake,SW25-60-17-W4,RNTR,Pit Lakes,2N,18.6,4200,02-05-2024
Unnamed,Shuster Lake,NE26-43-5-W4,BKTR,Beitty Resort,3N,18.5,3500,24-04-2024
Unnamed,Silkstone Lake,NE9-47-19-W5,RNTR,"Trout
Lodge/Jumpers",AF3N,20.2,650,23-05-2024
Unnamed,"Spring Coulee
Park Pond",NE12-5-24-W4,RNTR,"Trout
Lodge/Jumpers",AF3N,20.4,1250,15-04-2024
Unnamed,Spring Lake,NE23-75-11-W6,RNTR,"Trout
Lodge/Jumpers",AF3N,19.9,3200,07-05-2024
Unnamed,Spring Lake,NE23-75-11-W6,BKTR,Beitty Resort,3N,21.1,3780,10-06-2024
Unnamed,"St. Paul Fish
Pond",SE9-58-9-W4,RNTR,Campbell Lake,2N,19.5,720,03-05-2024
Unnamed,"St. Paul Fish
Pond",SE9-58-9-W4,BNTR,Bow River,3N,19.5,400,03-05-2024
Unnamed,St. Paul Fish Pond,SE9-58-9-W4,TGTR,Beitty/Bow River,3N,20.1,300,03-05-2024
Unnamed,"St. Paul Fish
Pond",SE9-58-9-W4,RNTR,Campbell Lake,2N,20.3,600,26-09-2024
Unnamed,"St. Paul Fish
Pond",SE9-58-9-W4,RNTR,Trout Lodge/Silver's,AF3N,22.6,500,26-09-2024
Unnamed,"St. Paul Fish
Pond",SE9-58-9-W4,RNTR,Campbell Lake,2N,22.5,200,07-10-2024
Unnamed,"Stirling Children's
Pond",SW29-6-19-W4,RNTR,"Trout
Lodge/Kamloops",AF3N,20.5,1000,18-04-2024
Unnamed,"Strathmore
Children's Pond",SW14-24-25-W4,TGTR,Beitty/Bow River,3N,19.1,150,02-05-2024
Unnamed,"Strathmore
Children's Pond",SW14-24-25-W4,RNTR,"Trout
Lodge/Kamloops",AF3N,20.4,1500,07-06-2024
Unnamed,Taber Trout Pond,NW1-10-17-W4,RNTR,"Trout
Lodge/Kamloops",AF3N,20.1,2500,16-05-2024
Unnamed,Taber Trout Pond,NW1-10-17-W4,RNTR,"Trout
Lodge/Kamloops",AF3N,30.1,60,16-05-2024
Unnamed,Taber Trout Pond,NW1-10-17-W4,RNTR,"Trout
Lodge/Kamloops",AF3N,21.6,2500,10-06-2024
Unnamed,Tamarack Lake,NE10-66-12-W5,RNTR,Trout Lodge/Jumpers,AF3N,6.1,8000,03-10-2024
Unnamed,"Telegraph Park
Pond",NW32-48-21-W4,BKTR,Beitty Resort,3N,18.8,750,25-04-2024
Unnamed,"Telegraph Park
Pond",NW32-48-21-W4,RNTR,"Trout
Lodge/Jumpers",AF3N,20.9,605,25-04-2024
Unnamed,"Telegraph Park
Pond",NW32-48-21-W4,BNTR,Bow River,3N,19.7,283,25-04-2024
Unnamed,Telegraph Park Pond,NW32-48-21-W4,TGTR,Beitty/Bow River,3N,19.5,200,25-04-2024
Unnamed,"Telegraph Park
Pond",NW32-48-21-W4,RNTR,"Trout
Lodge/Jumpers",AF3N,20.7,300,25-05-2024
Unnamed,"Telegraph Park
Pond",NW32-48-21-W4,RNTR,"Trout
Lodge/Kamloops",AF3N,20.4,500,12-06-2024
Unnamed,"Telegraph Park
Pond",NW32-48-21-W4,RNTR,Campbell Lake,3N,21.9,1000,19-09-2024
Unnamed,Telegraph Park Pond,NW32-48-21-W4,RNTR,Trout Lodge/Silver's,AF3N,21.1,500,04-10-2024
Unnamed,"Texaco East
Pond",NW15-88-8-W4,RNTR,Campbell Lake,2N,20.1,1080,10-05-2024
Unnamed,Texaco Pond,SW20-88-8-W4,RNTR,Campbell Lake,2N,20.1,600,10-05-2024
Unnamed,"Tim Horton
Children's Pond",NW14-24-8-W5,RNTR,"Trout
Lodge/Jumpers",AF3N,20,600,13-05-2024
Unnamed,Trapper Lake,SE19-58-16-W5,RNTR,"Trout
Lodge/Jumpers",AF3N,6.1,1100,02-10-2024
Unnamed,"Twin Valley
Reservoir",NE7-15-25-W4,WALL,Lac Ste. Anne,2N,0.04,1825000,27-05-2024
Unnamed,Valleyview Children's Pond,NE21-70-22-W5,RNTR,Trout Lodge/Jumpers,AF3N,20.7,250,29-05-2024
Unnamed,"Vegreville
Children's Pond",NW17-52-14-W4,RNTR,"Trout
Lodge/Kamloops",AF3N,20.9,600,08-05-2024
Unnamed,"Vegreville Trout
Pond",SW7-52-14-W4,RNTR,Campbell Lake,2N,20,4000,19-04-2024
Unnamed,"Vegreville Trout
Pond",SW7-52-14-W4,RNTR,Riverence,AF2N,7.7,10000,19-04-2024
Unnamed,Vegreville Trout Pond,SW7-52-14-W4,RNTR,Campbell Lake,2N,21.6,5000,01-10-2024
Unnamed,"Wallace Park
Pond",NE31-44-6-W4,RNTR,"Trout
Lodge/Kamloops",AF3N,20.9,500,10-05-2024
Unnamed,Weberville Pond,NW7-85-21-W5,RNTR,"Trout
Lodge/Jumpers",AF3N,20.7,500,14-05-2024
Unnamed,Wetaskiwin Pond,NE24-46-24-W4,BKTR,Beitty Resort,3N,21.7,250,15-05-2024
Unnamed,Wetaskiwin Pond,NE24-46-24-W4,RNTR,"Trout
Lodge/Jumpers",AF3N,20.1,150,17-05-2024
Unnamed,"Whitecourt Town
Pond",NE35-59-12-W5,RNTR,Riverence,AF3N,23.2,753,27-05-2024
Unnamed,Wildwood Pond,SW30-53-9-W5,RNTR,Riverence,AF3N,23,753,13-05-2024
Unnamed,Winchell Lake,NW2-29-5-W5,RNTR,Campbell Lake,3N,20,3000,08-05-2024
Unnamed,Wolf Creek Pond,SW13-53-16-W5,RNTR,"Trout
Lodge/Jumpers",AF3N,20.1,375,30-05-2024
Victor Lake,,SW35-56-8-W6,RNTR,"Trout
Lodge/Jumpers",AF3N,19.9,7500,10-05-2024
Victor Lake,,SW35-56-8-W6,RNTR,Trout Lodge/Jumpers,AF3N,5.2,10000,17-09-2024
Victor Lake,,SW35-56-8-W6,RNTR,Trout Lodge/Silver's,AF3N,22.7,5000,18-09-2024
West Dollar Lake,,SE18-73-21-W5,RNTR,"Trout
Lodge/Jumpers",AF3N,19.9,500,07-05-2024
West Dollar Lake,,SE18-73-21-W5,BNTR,Bow River,3N,19.5,250,07-05-2024
"West Rivers Edge
Pond","Fort Lions Park
Pond",NE23-54-23-W4,BNTR,Bow River,3N,20.4,250,08-05-2024
West Rivers Edge Pond,Fort Lions Park Pond,NE23-54-23-W4,TGTR,Beitty/Bow River,3N,19.4,450,08-05-2024
"West Rivers Edge
Pond","Fort Lions Park
Pond",NE23-54-23-W4,RNTR,"Trout
Lodge/Jumpers",AF3N,20.7,800,08-05-2024
"West Rivers Edge
Pond","Fort Lions Park
Pond",NE23-54-23-W4,RNTR,"Trout
Lodge/Kamloops",AF3N,20.7,1100,29-05-2024
"West Rivers Edge
Pond","Fort Lions Park
Pond",NE23-54-23-W4,RNTR,"Trout
Lodge/Kamloops",AF3N,30,50,29-05-2024
"Whiteridge Recreation
Area Pond",Blueridge Pit,SW1-60-10-W5,RNTR,"Trout
Lodge/Jumpers",AF3N,20.7,1050,29-05-2024
Wildhorse Lakes,"Lower Wildhorse
Lake",SW31-49-26-W5,RNTR,"Trout
Lodge/Jumpers",AF3N,20.3,3750,30-05-2024
Wildhorse Lakes,"Lower Wildhorse
Lake",SW31-49-26-W5,RNTR,"Trout
Lodge/Jumpers",AF3N,5.2,10000,17-09-2024
Wildhorse Lakes,"Upper Wildhorse
Lake",SW31-49-26-W5,BKTR,Beitty Resort,3N,7.4,2500,30-05-2024
Winagami Lake,,SW33-76-18-W5,WALL,Rock Island,2N,0.04,1457587,03-06-2024
Winagami Lake,,SW33-76-18-W5,WALL,Rock Island,2N,0.04,967050,04-06-2024
Winagami Lake,,SW33-76-18-W5,WALL,Rock Island,2N,0.04,1044098,06-06-2024
Windsor Lake,,SW10-42-22-W4,RNTR,"Trout
Lodge/Kamloops",AF3N,20.5,4732,23-04-2024
Yellowhead Lake,,SW33-34-6-W5,BKTR,Beitty Resort,3N,19.9,2000,03-06-2024
