Waterbody ID,Waterbody Name,District,Zone Regulations,Latitude,Longitude,Surface Area (ha),URL
6900,Acadia Valley Reservoir,Oyen,PP2,51.099316,-110.25524,13.2,https://mywildalberta.ca/fishing/fish-stocking/stocking-maps.aspx?id=6900
3899,Alford Lake,Rocky Mountain House,ES2,52.063523,-115.092202,4.9,https://mywildalberta.ca/fishing/fish-stocking/stocking-maps.aspx?id=3899
6902,Allison Lake (Chinook Lake),Blairmore,ES1,49.672284,-114.604063,2.7,https://mywildalberta.ca/fishing/fish-stocking/stocking-maps.aspx?id=6902
3909,Allstones Lake,Nordegg,ES2,52.303119,-116.418572,3.5,https://mywildalberta.ca/fishing/fish-stocking/stocking-maps.aspx?id=3909
17894,Anderson Dam,Drumheller,PP2,51.419906,-112.838356,2,https://mywildalberta.ca/fishing/fish-stocking/stocking-maps.aspx?id=17894
21353,Ardmore Community Pond,Cold Lake,NB1,54.339952,-110.479159,4,https://mywildalberta.ca/fishing/fish-stocking/stocking-maps.aspx?id=21353
6903,Ashland Reservoir,Wetaskiwin,PP2,53.147371,-114.409999,11.2,https://mywildalberta.ca/fishing/fish-stocking/stocking-maps.aspx?id=6903
3948,Aster Lake,Canmore,ES1,50.577603,-115.210545,1.8,https://mywildalberta.ca/fishing/fish-stocking/stocking-maps.aspx?id=3948
6904,Atlantic Richfield Reservoir,High Prairie,NB2,54.832388,-115.326749,5.3,https://mywildalberta.ca/fishing/fish-stocking/stocking-maps.aspx?id=6904
6905,Bashaw Pond,Ponoka,PP2,52.581079,-112.966507,12,https://mywildalberta.ca/fishing/fish-stocking/stocking-maps.aspx?id=6905
6892,Bathing Lake,Pincher Creek,ES1,49.278825,-114.024744,5.6,https://mywildalberta.ca/fishing/fish-stocking/stocking-maps.aspx?id=6892
4005,Bear Pond,Canmore,ES1,50.218457,-114.430019,3.3,https://mywildalberta.ca/fishing/fish-stocking/stocking-maps.aspx?id=4005
6893,Beaumont,Wetaskiwin,PP2,53.346482,-113.430512,5.8,https://mywildalberta.ca/fishing/fish-stocking/stocking-maps.aspx?id=6893
4011,Beauvais Lake,Pincher Creek,ES1,49.411416,-114.105019,82.8,https://mywildalberta.ca/fishing/fish-stocking/stocking-maps.aspx?id=4011
4014,Beaver Lake,Sundre,ES2,52.006721,-114.788387,31.1,https://mywildalberta.ca/fishing/fish-stocking/stocking-maps.aspx?id=4014
4018,Beaver Mines Lake,Pincher Creek,ES1,49.372895,-114.296284,67.9,https://mywildalberta.ca/fishing/fish-stocking/stocking-maps.aspx?id=4018
6894,Bellis Beach Lake,Smoky Lake,NB1,54.100613,-112.15247,19.6,https://mywildalberta.ca/fishing/fish-stocking/stocking-maps.aspx?id=6894
6897,Big Iron Lake,High River,ES1,50.233539,-114.430313,1.8,https://mywildalberta.ca/fishing/fish-stocking/stocking-maps.aspx?id=6897
4061,Birch Lake,Sundre,ES2,52.011667,-114.854167,28.8,https://mywildalberta.ca/fishing/fish-stocking/stocking-maps.aspx?id=4061
6923,Black Nugget Mine Pit,Vegreville,PP2,53.217685,-112.532662,2.1,https://mywildalberta.ca/fishing/fish-stocking/stocking-maps.aspx?id=6923
3494,Blood Indian Creek Reservoir,Hanna,PP2,51.24853,-111.210333,90.1,https://mywildalberta.ca/fishing/fish-stocking/stocking-maps.aspx?id=3494
6890,Bonnyville Town Pond (Slawuta Lake),Bonnyville,NB1,54.265723,-110.745372,6,https://mywildalberta.ca/fishing/fish-stocking/stocking-maps.aspx?id=6890
417506,Boulder Lake,Red Deer,PP2,52.355924,-113.871506,2.2,https://mywildalberta.ca/fishing/fish-stocking/stocking-maps.aspx?id=417506
6882,Bow City East Ponds,Brooks,PP2,50.434749,-112.259866,4,https://mywildalberta.ca/fishing/fish-stocking/stocking-maps.aspx?id=6882
6884,Boyle Pond,Athabasca,NB2,54.537414,-112.80524,2.8,https://mywildalberta.ca/fishing/fish-stocking/stocking-maps.aspx?id=6884
6921,Brazeau Borrow Pit #1,Rocky Mountain House,ES2,52.916194,-115.414317,3.1,https://mywildalberta.ca/fishing/fish-stocking/stocking-maps.aspx?id=6921
6922,Brazeau Borrow Pit #2,Rocky Mountain House,ES2,52.934075,-115.492258,Not Found,https://mywildalberta.ca/fishing/fish-stocking/stocking-maps.aspx?id=6922
24236,Breazeau Canal,Rocky Mountain House,ES2,52.937066,-115.51217,Not Found,https://mywildalberta.ca/fishing/fish-stocking/stocking-maps.aspx?id=24236
6873,Brooks Aquaduct Pond,Brooks,ES2,50.524756,-111.843722,13.9,https://mywildalberta.ca/fishing/fish-stocking/stocking-maps.aspx?id=6873
6876,Bud Miller Park Pond,Lloydminster,PP2,53.259224,-110.040698,3.7,https://mywildalberta.ca/fishing/fish-stocking/stocking-maps.aspx?id=6876
6879,Burmis Lake,Pincher Creek,ES1,49.553784,-114.299609,7,https://mywildalberta.ca/fishing/fish-stocking/stocking-maps.aspx?id=6879
4159,Burns Lake,High River,ES1,49.553784,-114.299609,1.7,https://mywildalberta.ca/fishing/fish-stocking/stocking-maps.aspx?id=4159
6880,Burn's Reservoir,Pincher Creek,ES1,49.492841,-113.93045,3.9,https://mywildalberta.ca/fishing/fish-stocking/stocking-maps.aspx?id=6880
4161,Burnstick Lake,Sundre,ES2,51.986695,-114.884038,366.5,https://mywildalberta.ca/fishing/fish-stocking/stocking-maps.aspx?id=4161
4171,Butcher's Lake,Pincher Creek,ES1,49.303994,-114.061148,3.4,https://mywildalberta.ca/fishing/fish-stocking/stocking-maps.aspx?id=4171
6614,By the Lake Park,Wetaskiwin,PP2,52.976846,-113.408198,11.2,https://mywildalberta.ca/fishing/fish-stocking/stocking-maps.aspx?id=6614
21332,Camp 9 Trout Pond,Rocky Mountain House,ES2,52.84209,-115.125149,7,https://mywildalberta.ca/fishing/fish-stocking/stocking-maps.aspx?id=21332
4208,Captain Ayre Lake,Provost,PP2,52.29945,-110.714832,20.2,https://mywildalberta.ca/fishing/fish-stocking/stocking-maps.aspx?id=4208
6868,Cardiff Park Pond,Stony Plain,PP2,53.763266,-113.584073,11.3,https://mywildalberta.ca/fishing/fish-stocking/stocking-maps.aspx?id=6868
20258,Castaway Trout Pond,Vegreville,PP2,53.097592,-111.79091,1.4,https://mywildalberta.ca/fishing/fish-stocking/stocking-maps.aspx?id=20258
18022,Castor Eastside Trout Pond,Stettler,PP2,52.218207,-111.91105,1,https://mywildalberta.ca/fishing/fish-stocking/stocking-maps.aspx?id=18022
4231,Cavan Lake,Medicine Hat,PP1,49.935915,-110.407082,31.6,https://mywildalberta.ca/fishing/fish-stocking/stocking-maps.aspx?id=4231
6778,Cecil Thompson Pond,Peace River,NB3,56.209063,-117.20295,1.1,https://mywildalberta.ca/fishing/fish-stocking/stocking-maps.aspx?id=6778
3499,Chain Lakes Reservoir,Claresholm,ES1,50.236864,-114.20802,643.4,https://mywildalberta.ca/fishing/fish-stocking/stocking-maps.aspx?id=3499
6607,Champion Lakes Lower,Cochrane,ES1,50.813258,-114.597433,4,https://mywildalberta.ca/fishing/fish-stocking/stocking-maps.aspx?id=6607
6608,Champion Lakes Upper,Cochrane,ES1,50.815306,-114.599941,8,https://mywildalberta.ca/fishing/fish-stocking/stocking-maps.aspx?id=6608
4252,Chatwin Lake,Bonnyville,NB1,54.24779,-110.841712,78.9,https://mywildalberta.ca/fishing/fish-stocking/stocking-maps.aspx?id=4252
4261,Chickakoo Lake,Stony Plain,PP2,53.618628,-114.074339,18.4,https://mywildalberta.ca/fishing/fish-stocking/stocking-maps.aspx?id=4261
4265,Chin Lake,Lethbridge,PP1,49.636404,-112.252288,164.4,https://mywildalberta.ca/fishing/fish-stocking/stocking-maps.aspx?id=4265
6860,Chrystina (Windy) Lake,Slave Lake,NB2,54.786102,-115.194645,41.7,https://mywildalberta.ca/fishing/fish-stocking/stocking-maps.aspx?id=6860
6861,Cipperley's Reservoir,Olds,PP2,51.7253,-114.111399,6,https://mywildalberta.ca/fishing/fish-stocking/stocking-maps.aspx?id=6861
6082,Claude N Bernnan Memorial Pond (Vermillion Park,Vermillion,PP2,53.364531,-110.884936,1.9,https://mywildalberta.ca/fishing/fish-stocking/stocking-maps.aspx?id=6082
6858,Coleman Fish and Game Pond (McGillivray),Blairmore,ES1,49.655563,-114.559795,3.2,https://mywildalberta.ca/fishing/fish-stocking/stocking-maps.aspx?id=6858
4318,Commonwealth Lake,Canmore,ES1,50.806944,-115.345556,1.8,https://mywildalberta.ca/fishing/fish-stocking/stocking-maps.aspx?id=4318
6859,Corner Lake,Lethbridge,PP1,49.446821,-112.648546,6.7,https://mywildalberta.ca/fishing/fish-stocking/stocking-maps.aspx?id=6859
6845,Coronation Reservoir,Coronation,PP2,52.105809,-111.44958,10.4,https://mywildalberta.ca/fishing/fish-stocking/stocking-maps.aspx?id=6845
6846,Cottonwood Lake,Pincher Creek,ES1,49.5588,-113.8722,8,https://mywildalberta.ca/fishing/fish-stocking/stocking-maps.aspx?id=6846
417477,County Sportsplex Pond,Grande Prairie,ES4,55.237091,-118.812752,2.7,https://mywildalberta.ca/fishing/fish-stocking/stocking-maps.aspx?id=417477
4340,Cow Lake,Rocky Mountain House,ES2,52.260185,-115.005926,844.7,https://mywildalberta.ca/fishing/fish-stocking/stocking-maps.aspx?id=4340
4351,Crane Lake (Moore Lake),Cold Lake,NB1,54.51,-110.52,Not Found,https://mywildalberta.ca/fishing/fish-stocking/stocking-maps.aspx?id=4351
23293,Crossfield Trout Pond,Cochrane,ES1,51.422275,-114.049779,1.3,https://mywildalberta.ca/fishing/fish-stocking/stocking-maps.aspx?id=23293
4374,Crowsnest Lake,Blairmore,ES1,49.634111,-114.637963,126.6,https://mywildalberta.ca/fishing/fish-stocking/stocking-maps.aspx?id=4374
6850,Cummings Lake,Fairview,NB3,56.093732,-118.376801,2,https://mywildalberta.ca/fishing/fish-stocking/stocking-maps.aspx?id=6850
6659,Dandurand Lake,Edson,ES3,53.565803,-116.736533,2.1,https://mywildalberta.ca/fishing/fish-stocking/stocking-maps.aspx?id=6659
6852,Daysland Pond,Camrose,PP2,52.86884,-112.263607,1.6,https://mywildalberta.ca/fishing/fish-stocking/stocking-maps.aspx?id=6852
6853,Dewitt's Pond,Cochrane,ES1,51.262527,-114.121485,3,https://mywildalberta.ca/fishing/fish-stocking/stocking-maps.aspx?id=6853
6844,Dickson Trout Pond,Red Deer,ES2,52.011001,-114.309334,64.8,https://mywildalberta.ca/fishing/fish-stocking/stocking-maps.aspx?id=6844
4446,Dillberry Lake,Lloydminster,PP2,52.576348,-110.004391,70.1,https://mywildalberta.ca/fishing/fish-stocking/stocking-maps.aspx?id=4446
6833,Diplomat Mine Pond,Camrose,PP2,52.50583,-112.180118,5,https://mywildalberta.ca/fishing/fish-stocking/stocking-maps.aspx?id=6833
4458,Doleberg Lake,Barrhead,NB2,Not Found,Not Found,34.7,https://mywildalberta.ca/fishing/fish-stocking/stocking-maps.aspx?id=4458
6836,Dormer Lake,Canmore,ES1,51.590937,-115.498976,6.5,https://mywildalberta.ca/fishing/fish-stocking/stocking-maps.aspx?id=6836
4488,Dunn Lake,Edson,ES3,53.654925,-117.685762,13.8,https://mywildalberta.ca/fishing/fish-stocking/stocking-maps.aspx?id=4488
4495,Eagle Lake,Sundre,ES2,51.726322,-115.462742,15.2,https://mywildalberta.ca/fishing/fish-stocking/stocking-maps.aspx?id=4495
4460,East Dollar Lake,Valleyview,ES4,55.314926,-117.204628,5.9,https://mywildalberta.ca/fishing/fish-stocking/stocking-maps.aspx?id=4460
6840,East Pit Lake,Stony Plain,PP2,53.584969,-114.473822,18.8,https://mywildalberta.ca/fishing/fish-stocking/stocking-maps.aspx?id=6840
22993,East Stormwater Pond,Ponoka,PP2,52.469538,-113.709921,1.3,https://mywildalberta.ca/fishing/fish-stocking/stocking-maps.aspx?id=22993
6044,East Twin Lake,Manning,NB3,57.45,-117.533333,23.2,https://mywildalberta.ca/fishing/fish-stocking/stocking-maps.aspx?id=6044
6842,Echo Dale Regional Park,Medicine Hat,PP1,50.049958,-110.780527,2.5,https://mywildalberta.ca/fishing/fish-stocking/stocking-maps.aspx?id=6842
4505,Edith Lake,High Prairie,NB2,54.801854,-115.382263,22.8,https://mywildalberta.ca/fishing/fish-stocking/stocking-maps.aspx?id=4505
6820,Elk Creek Pond,Rocky Mountain House,ES2,52.056822,-115.657217,5,https://mywildalberta.ca/fishing/fish-stocking/stocking-maps.aspx?id=6820
417505,Elk Point Pond,Elk Point,NB1,53.888476,-110.910587,Not Found,https://mywildalberta.ca/fishing/fish-stocking/stocking-maps.aspx?id=417505
4532,Emerald Lake,Whitecourt,ES3,54.333426,-115.61828,3.5,https://mywildalberta.ca/fishing/fish-stocking/stocking-maps.aspx?id=4532
4535,Emerson Lakes,Edson,ES3,53.727362,-117.118253,17,https://mywildalberta.ca/fishing/fish-stocking/stocking-maps.aspx?id=4535
6823,Enchant Park Pond,Lethbridge,PP1,50.161135,-112.432267,2.8,https://mywildalberta.ca/fishing/fish-stocking/stocking-maps.aspx?id=6823
4539,Engstrom Lake,Fort McMurray,NB4,56.188889,-110.906389,79.3,https://mywildalberta.ca/fishing/fish-stocking/stocking-maps.aspx?id=4539
6662,Entry Lake,Nordegg,ES2,52.106097,-116.564829,4.1,https://mywildalberta.ca/fishing/fish-stocking/stocking-maps.aspx?id=6662
4562,Fairfax Lake,Edson,ES3,52.971131,-116.576532,32.3,https://mywildalberta.ca/fishing/fish-stocking/stocking-maps.aspx?id=4562
6825,Fairview College Pond,Fairview,NB3,56.0588,-118.387234,3.8,https://mywildalberta.ca/fishing/fish-stocking/stocking-maps.aspx?id=6825
4571,Fickle Lake,Hinton,ES3,53.45,-116.766667,382.2,https://mywildalberta.ca/fishing/fish-stocking/stocking-maps.aspx?id=4571
24364,Fiesta Lake,Sundre,ES2,51.995874,-114.726449,7.1,https://mywildalberta.ca/fishing/fish-stocking/stocking-maps.aspx?id=24364
6827,Figure Eight Lake,Peace River,NB3,56.30153,-117.906378,37,https://mywildalberta.ca/fishing/fish-stocking/stocking-maps.aspx?id=6827
5804,Fish lake (Shunda Lake),Nordegg,ES2,52.451617,-116.149976,51.4,https://mywildalberta.ca/fishing/fish-stocking/stocking-maps.aspx?id=5804
6830,Footner Pond,High Level,NB3,58.608147,-117.156875,6,https://mywildalberta.ca/fishing/fish-stocking/stocking-maps.aspx?id=6830
6831,Foremost Reservoir,Foremost,PP1,49.477485,-111.456691,5.6,https://mywildalberta.ca/fishing/fish-stocking/stocking-maps.aspx?id=6831
4614,Fortress Lake,Canmore,ES1,50.834761,-115.235806,3.1,https://mywildalberta.ca/fishing/fish-stocking/stocking-maps.aspx?id=4614
6813,Forty Mile Coulee Reservoir,Foremost,PP1,49.643425,-111.393806,671.6,https://mywildalberta.ca/fishing/fish-stocking/stocking-maps.aspx?id=6813
6815,Fox Creek Trout Pond,Fox Creek,ES3,54.45359,-116.888798,2.5,https://mywildalberta.ca/fishing/fish-stocking/stocking-maps.aspx?id=6815
4642,Galatea Lakes,Canmore,ES1,50.865879,-115.265111,5.7,https://mywildalberta.ca/fishing/fish-stocking/stocking-maps.aspx?id=4642
4647,Gap Lake,Nordegg,ES2,52.330286,-115.830899,12.2,https://mywildalberta.ca/fishing/fish-stocking/stocking-maps.aspx?id=4647
23292,Genesee Trout Pond,Wetaskiwin,PP2,53.376492,-114.309875,1.6,https://mywildalberta.ca/fishing/fish-stocking/stocking-maps.aspx?id=23292
6816,Gibbons Park Pond,Edmonton,PP2,53.830514,-113.332084,1.2,https://mywildalberta.ca/fishing/fish-stocking/stocking-maps.aspx?id=6816
6818,Gold Spring Park Pond,Lethbridge,PP1,49.095497,-111.995479,5.8,https://mywildalberta.ca/fishing/fish-stocking/stocking-maps.aspx?id=6818
4697,Goldeye Lake,Nordegg,ES2,52.449584,-116.192114,18.8,https://mywildalberta.ca/fishing/fish-stocking/stocking-maps.aspx?id=4697
4708,Goose Lake,Swan Hills,NB2,54.31,-115.136,Not Found,https://mywildalberta.ca/fishing/fish-stocking/stocking-maps.aspx?id=4708
6809,Gooseberry Park Pond,Coronation,PP2,52.110661,-110.771236,8.8,https://mywildalberta.ca/fishing/fish-stocking/stocking-maps.aspx?id=6809
4725,Grande Cache Lake,Grande Cache,ES2,53.9,-119.05,163.6,https://mywildalberta.ca/fishing/fish-stocking/stocking-maps.aspx?id=4725
6810,Granum Pond,Claresholm,PP1,49.870282,-113.516665,1.4,https://mywildalberta.ca/fishing/fish-stocking/stocking-maps.aspx?id=6810
3476,Grotto Mountain Pond,Canmore,ES1,51.065761,-115.202402,2.5,https://mywildalberta.ca/fishing/fish-stocking/stocking-maps.aspx?id=3476
6806,Hansen's Reservoir,Red Deer,PP2,52.297145,-114.394522,2.9,https://mywildalberta.ca/fishing/fish-stocking/stocking-maps.aspx?id=6806
6808,Harleck Pond,Nordegg,ES2,52.494632,-115.972609,0.8,https://mywildalberta.ca/fishing/fish-stocking/stocking-maps.aspx?id=6808
4794,Hasse Lake,Stony Plain,PP2,53.487212,-114.173756,90,https://mywildalberta.ca/fishing/fish-stocking/stocking-maps.aspx?id=4794
6803,Helmer Reservoir,Hanna,PP2,51.649233,-111.983108,2,https://mywildalberta.ca/fishing/fish-stocking/stocking-maps.aspx?id=6803
6790,Heritage Pond,Stony Plain,PP2,53.799728,-113.66643,1.3,https://mywildalberta.ca/fishing/fish-stocking/stocking-maps.aspx?id=6790
6791,Hermitage Lake,Edmonton,PP2,53.581702,-113.371337,5.2,https://mywildalberta.ca/fishing/fish-stocking/stocking-maps.aspx?id=6791
26431,High Level Community Pond,High Level,NB3,58.517177,-117.163713,3,https://mywildalberta.ca/fishing/fish-stocking/stocking-maps.aspx?id=26431
6794,Highway 40 Pond,Grande Prairie,ES4,54.958674,-118.782831,1.4,https://mywildalberta.ca/fishing/fish-stocking/stocking-maps.aspx?id=6794
6668,Highway 63 Pond,Fort McMurray,NB4,56.588109,-111.320447,1.8,https://mywildalberta.ca/fishing/fish-stocking/stocking-maps.aspx?id=6668
6795,Highway 686 Pond,Peace River,NB3,56.372419,-116.954587,5,https://mywildalberta.ca/fishing/fish-stocking/stocking-maps.aspx?id=6795
6796,Hiller's (Dam) Reservoir,Olds,PP2,51.739122,-113.978521,8.9,https://mywildalberta.ca/fishing/fish-stocking/stocking-maps.aspx?id=6796
6917,Hinton Fish and Game Pond (Cold Creek Trout Pond),Hinton,ES3,53.341065,-117.605197,5,https://mywildalberta.ca/fishing/fish-stocking/stocking-maps.aspx?id=6917
6541,Hogarth Lakes (Lower),Canmore,ES1,50.797209,-115.322777,0.8,https://mywildalberta.ca/fishing/fish-stocking/stocking-maps.aspx?id=6541
4837,Hogarth Lakes (Upper),Canmore,ES1,50.793015,-115.318769,2.9,https://mywildalberta.ca/fishing/fish-stocking/stocking-maps.aspx?id=4837
6669,Horseshoe Lake,Athabasca,NB2,54.489439,-113.783183,13.2,https://mywildalberta.ca/fishing/fish-stocking/stocking-maps.aspx?id=6669
6780,Huber Reservoir,Coronation,PP2,52.221611,-111.732917,14.9,https://mywildalberta.ca/fishing/fish-stocking/stocking-maps.aspx?id=6780
4888,Ice Lake,Sundre,ES2,51.655556,-115.584444,5.1,https://mywildalberta.ca/fishing/fish-stocking/stocking-maps.aspx?id=4888
6784,Innisfree Trout Pond,Vegreville,PP2,53.39796,-111.629354,1.2,https://mywildalberta.ca/fishing/fish-stocking/stocking-maps.aspx?id=6784
6785,Irma Fish and Game Pond,Vermillion,PP2,52.918593,-111.236446,4,https://mywildalberta.ca/fishing/fish-stocking/stocking-maps.aspx?id=6785
6786,Ironside Pond,Rocky Mountain House,ES2,52.246795,-114.996541,33,https://mywildalberta.ca/fishing/fish-stocking/stocking-maps.aspx?id=6786
4909,Island Lake,Blairmore,ES1,49.627778,-114.684444,49.5,https://mywildalberta.ca/fishing/fish-stocking/stocking-maps.aspx?id=4909
4920,Jack Fish Lake,Vermilion,PP2,53.594311,-111.296351,69,https://mywildalberta.ca/fishing/fish-stocking/stocking-maps.aspx?id=4920
4935,Jane Lake,Slave Lake,NB2,54.872509,-115.11153,Not Found,https://mywildalberta.ca/fishing/fish-stocking/stocking-maps.aspx?id=4935
6788,Jarvis Creek Pond,Hinton,ES3,53.508917,-117.810057,1.5,https://mywildalberta.ca/fishing/fish-stocking/stocking-maps.aspx?id=6788
4944,Jesse Lake,Slave Lake,NB2,54.895503,-114.965309,Not Found,https://mywildalberta.ca/fishing/fish-stocking/stocking-maps.aspx?id=4944
26729,Kakut Lake,Spirit River,ES4,55.625,-118.533333,2.9,https://mywildalberta.ca/fishing/fish-stocking/stocking-maps.aspx?id=26729
4977,Kehiwn Lake,Bonnyville,NB1,54.058619,-110.897271,663.2,https://mywildalberta.ca/fishing/fish-stocking/stocking-maps.aspx?id=4977
4978,Keho Lake,Lethbridge,PP1,49.934598,-112.991633,2266.3,https://mywildalberta.ca/fishing/fish-stocking/stocking-maps.aspx?id=4978
6770,Kerbe's Pond,Stettler,PP2,52.112277,-112.844594,3.7,https://mywildalberta.ca/fishing/fish-stocking/stocking-maps.aspx?id=6770
26447,Kids Can Catch Pond,Calgary,PP2,51.041403,-114.017656,1,https://mywildalberta.ca/fishing/fish-stocking/stocking-maps.aspx?id=26447
6654,Kinglet Lake,Nordegg,ES2,52.04985,-116.473242,Not Found,https://mywildalberta.ca/fishing/fish-stocking/stocking-maps.aspx?id=6654
5002,Kinky Lake,Hinton,ES3,53.280836,-117.783145,15.5,https://mywildalberta.ca/fishing/fish-stocking/stocking-maps.aspx?id=5002
6773,Kraft Winborne Pond,Drumheller,PP2,51.859122,-113.620127,6,https://mywildalberta.ca/fishing/fish-stocking/stocking-maps.aspx?id=6773
6774,Kramer Pond,Wetaskiwin,PP2,52.906846,-114.745933,6.7,https://mywildalberta.ca/fishing/fish-stocking/stocking-maps.aspx?id=6774
20267,La Crete Pond,Fort Vermilion,NB3,58.197347,-115.906655,9,https://mywildalberta.ca/fishing/fish-stocking/stocking-maps.aspx?id=20267
4027,Lac Bellevue,St Paul,NB1,53.810455,-111.336866,461.2,https://mywildalberta.ca/fishing/fish-stocking/stocking-maps.aspx?id=4027
4426,Lac Delorme,St Paul,NB1,53.896214,-111.1509,15,https://mywildalberta.ca/fishing/fish-stocking/stocking-maps.aspx?id=4426
19760,Lac La Biche Trout Pond,Lac La Biche,NB1,54.775532,-111.953265,1.9,https://mywildalberta.ca/fishing/fish-stocking/stocking-maps.aspx?id=19760
6776,Lacombe Park Pond,Edmonton,PP2,53.637547,-113.653734,1.4,https://mywildalberta.ca/fishing/fish-stocking/stocking-maps.aspx?id=6776
5434,Lake Newell,Brooks,PP2,50.436159,-111.940536,6218.3,https://mywildalberta.ca/fishing/fish-stocking/stocking-maps.aspx?id=5434
4854,Lake of the Horns,High River,ES1,50.413889,-114.855278,6.2,https://mywildalberta.ca/fishing/fish-stocking/stocking-maps.aspx?id=4854
3479,Lambert Pond,Edson,ES3,53.566383,-116.481493,3.3,https://mywildalberta.ca/fishing/fish-stocking/stocking-maps.aspx?id=3479
5029,Landslide Lake,Nordegg,ES2,52.08109,-116.553435,50.9,https://mywildalberta.ca/fishing/fish-stocking/stocking-maps.aspx?id=5029
24053,Lara Fish Pond,Bonnyville,NB1,54.3089,-110.61054,1,https://mywildalberta.ca/fishing/fish-stocking/stocking-maps.aspx?id=24053
6764,Leduc Reservoir,Wetaskiwin,PP2,53.259984,-113.567083,103,https://mywildalberta.ca/fishing/fish-stocking/stocking-maps.aspx?id=6764
5050,Lees Lake,Pincher Creek,ES1,49.541912,-114.248586,37.9,https://mywildalberta.ca/fishing/fish-stocking/stocking-maps.aspx?id=5050
6765,Legal Reservoir,Stony Plain,PP2,53.947431,-113.586428,1.5,https://mywildalberta.ca/fishing/fish-stocking/stocking-maps.aspx?id=6765
26322,Len Thompson Pond,Red Deer,PP2,52.476805,-113.712706,2,https://mywildalberta.ca/fishing/fish-stocking/stocking-maps.aspx?id=26322
5074,Lillian Lake,Canmore,ES1,50.863852,-115.249942,3.5,https://mywildalberta.ca/fishing/fish-stocking/stocking-maps.aspx?id=5074
5078,Lilly Lake,Slave Lake,NB2,55.483333,-114.766667,Not Found,https://mywildalberta.ca/fishing/fish-stocking/stocking-maps.aspx?id=5078
5093,Little Bear Lake (Hasse Lake),Cold Lake,NB1,54.551596,-110.300937,47.1,https://mywildalberta.ca/fishing/fish-stocking/stocking-maps.aspx?id=5093
3515,Little Bow Lake Reservoir,Vulcan,PP1,50.194355,-112.675682,803.9,https://mywildalberta.ca/fishing/fish-stocking/stocking-maps.aspx?id=3515
6760,Lloydminster Trout Pond,Lloydminster,PP2,54.551596,-110.300937,6,https://mywildalberta.ca/fishing/fish-stocking/stocking-maps.aspx?id=6760
395186,Lodgepole Pond,Drayton Valley,ES3,53.119469,-115.320171,5,https://mywildalberta.ca/fishing/fish-stocking/stocking-maps.aspx?id=395186
5149,Loomis Lake,High River,ES1,50.453153,-114.90368,3.3,https://mywildalberta.ca/fishing/fish-stocking/stocking-maps.aspx?id=5149
5158,Lost Guide Lake,Rocky Mountain House,ES2,51.904668,-115.933169,5.2,https://mywildalberta.ca/fishing/fish-stocking/stocking-maps.aspx?id=5158
6761,Lougheed Trout Pond,Camrose,PP2,52.750929,-111.539761,8,https://mywildalberta.ca/fishing/fish-stocking/stocking-maps.aspx?id=6761
6658,Lovett Lake,Edson,ES2,53.041523,-116.706,2.6,https://mywildalberta.ca/fishing/fish-stocking/stocking-maps.aspx?id=6658
6525,Lower Burstall Lake,Canmore,ES1,50.785287,-115.326112,8.3,https://mywildalberta.ca/fishing/fish-stocking/stocking-maps.aspx?id=6525
6528,Lower Chain Lakes,Athabasca,NB2,54.964036,-113.511311,84.8,https://mywildalberta.ca/fishing/fish-stocking/stocking-maps.aspx?id=6528
6608,Lower Champion Lake,Cochrane,ES1,50.815306,-114.599941,8,https://mywildalberta.ca/fishing/fish-stocking/stocking-maps.aspx?id=6608
6605,Lower Smuts Lake,Canmore,ES1,50.796667,-115.388417,2,https://mywildalberta.ca/fishing/fish-stocking/stocking-maps.aspx?id=6605
6537,Lower Wildhorse Lakes,Hinton,ES3,53.269491,-117.792759,25.4,https://mywildalberta.ca/fishing/fish-stocking/stocking-maps.aspx?id=6537
6750,Machesis Lake,High Level,NB3,58.324911,-116.585882,24.1,https://mywildalberta.ca/fishing/fish-stocking/stocking-maps.aspx?id=6750
317719,Magrath Children's Pond,Cardston,PP1,49.4103,-112.8647,3.7,https://mywildalberta.ca/fishing/fish-stocking/stocking-maps.aspx?id=317719
5223,Margaret Lake,Canmore,ES1,51.401845,-115.185439,6.1,https://mywildalberta.ca/fishing/fish-stocking/stocking-maps.aspx?id=5223
5232,Marigold Lake,Swan Hills,NB2,54.671776,-115.628279,32.1,https://mywildalberta.ca/fishing/fish-stocking/stocking-maps.aspx?id=5232
5245,Mary Gregg Lake,Hinton,ES3,53.112602,-117.454064,11,https://mywildalberta.ca/fishing/fish-stocking/stocking-maps.aspx?id=5245
5253,Maude Lake,Canmore,ES1,50.689323,-115.293158,125,https://mywildalberta.ca/fishing/fish-stocking/stocking-maps.aspx?id=5253
19525,Mayan Lake,Hinton,ES3,53.902144,-117.38983,6.7,https://mywildalberta.ca/fishing/fish-stocking/stocking-maps.aspx?id=19525
6753,McClennan Reservoir,Valleyview,NB2,55.709784,-116.919773,1.2,https://mywildalberta.ca/fishing/fish-stocking/stocking-maps.aspx?id=6753
5275,McGregor Lake,Vulcan,PP1,50.475205,-112.86378,4730.9,https://mywildalberta.ca/fishing/fish-stocking/stocking-maps.aspx?id=5275
6755,McLaren's Reservoir,Drumheller,PP2,51.840076,-112.45129,22.2,https://mywildalberta.ca/fishing/fish-stocking/stocking-maps.aspx?id=6755
3522,McLean Pond,Cochrane,ES1,50.888074,-114.669068,1.9,https://mywildalberta.ca/fishing/fish-stocking/stocking-maps.aspx?id=3522
5286,McLeod (Carson) Lake,Whitecourt,ES3,54.298603,-115.652786,Not Found,https://mywildalberta.ca/fishing/fish-stocking/stocking-maps.aspx?id=5286
6757,McQuillan Reservoir,Lethbridge,PP1,49.64707,-112.45932,1.9,https://mywildalberta.ca/fishing/fish-stocking/stocking-maps.aspx?id=6757
6785,McVinnie Reservoir,Lethbridge,PP1,52.918593,-111.236446,4,https://mywildalberta.ca/fishing/fish-stocking/stocking-maps.aspx?id=6785
6721,MD Peace Pond #1,Peace River,NB3,56.222511,-117.556197,1.1,https://mywildalberta.ca/fishing/fish-stocking/stocking-maps.aspx?id=6721
22995,MD Peace Pond #2,Peace River,NB3,56.224205,-117.553092,9,https://mywildalberta.ca/fishing/fish-stocking/stocking-maps.aspx?id=22995
2129,Medley River,Cold Lake,NB1,54.604201,-110.186494,Not Found,https://mywildalberta.ca/fishing/fish-stocking/stocking-maps.aspx?id=2129
3523,Michel Reservoir,Medicine Hat,PP1,49.531283,-110.372274,23.1,https://mywildalberta.ca/fishing/fish-stocking/stocking-maps.aspx?id=3523
3524,Michichi Reservoir,Drumheller,PP2,51.582647,-112.52946,15.6,https://mywildalberta.ca/fishing/fish-stocking/stocking-maps.aspx?id=3524
6741,Midway Reservoir,Olds,PP2,51.565685,-113.735238,23.1,https://mywildalberta.ca/fishing/fish-stocking/stocking-maps.aspx?id=6741
6642,Mile 07 Lake,Lac La Biche,NB1,55.021444,-112.015324,26.2,https://mywildalberta.ca/fishing/fish-stocking/stocking-maps.aspx?id=6642
3526,Milk River Ridge Reservoir,Lethbridge,PP1,49.375056,-112.587358,125.4,https://mywildalberta.ca/fishing/fish-stocking/stocking-maps.aspx?id=3526
5324,Millers Lake,Edson,ES3,53.560075,-116.768896,37.1,https://mywildalberta.ca/fishing/fish-stocking/stocking-maps.aspx?id=5324
5336,Minnow Lake,Edson,ES3,53.36,-116.034,Not Found,https://mywildalberta.ca/fishing/fish-stocking/stocking-maps.aspx?id=5336
6746,Mirror Reservoir,Ponoka,PP2,52.464155,-113.138878,4.1,https://mywildalberta.ca/fishing/fish-stocking/stocking-maps.aspx?id=6746
5348,Mitchell Lake,Rocky Mountain House,ES2,52.216312,-115.007692,15,https://mywildalberta.ca/fishing/fish-stocking/stocking-maps.aspx?id=5348
6623,Mitchell Pond (Waskasoo Park Pond),Hanna,PP2,52.269458,-113.853351,2.2,https://mywildalberta.ca/fishing/fish-stocking/stocking-maps.aspx?id=6623
395196,Mitford Pond,Cochrane,ES1,51.19005,-114.49262,4,https://mywildalberta.ca/fishing/fish-stocking/stocking-maps.aspx?id=395196
6684,Montagneuse Lake (Stony Lake),Fairview,ES4,56.504886,-118.461339,39.5,https://mywildalberta.ca/fishing/fish-stocking/stocking-maps.aspx?id=6684
5360,Moonshine (Mirage) Lake,Spirit River,NB3,55.886111,-119.227778,30.5,https://mywildalberta.ca/fishing/fish-stocking/stocking-maps.aspx?id=5360
6736,Morinville Fish and Game Pond,Stony Plain,PP2,53.811699,-113.658398,1.8,https://mywildalberta.ca/fishing/fish-stocking/stocking-maps.aspx?id=6736
6737,Mound Red Reservoir,Wetaskiwin,PP2,52.867842,-113.961579,7.2,https://mywildalberta.ca/fishing/fish-stocking/stocking-maps.aspx?id=6737
3482,Mount Lorette Ponds,Canmore,ES1,50.969566,-115.107943,1.6,https://mywildalberta.ca/fishing/fish-stocking/stocking-maps.aspx?id=3482
5387,Muir Lake,Stony Plain,PP2,53.624675,-113.956437,29.9,https://mywildalberta.ca/fishing/fish-stocking/stocking-maps.aspx?id=5387
5407,Muskiki Lake,Edson,ES2,52.851672,-116.874653,34.8,https://mywildalberta.ca/fishing/fish-stocking/stocking-maps.aspx?id=5407
6730,Muskoseepi Pond,Grande Prairie,ES4,55.172657,-118.806587,14.3,https://mywildalberta.ca/fishing/fish-stocking/stocking-maps.aspx?id=6730
6732,Nardam Lake,Spirit River,NB3,55.762438,-118.725502,1.1,https://mywildalberta.ca/fishing/fish-stocking/stocking-maps.aspx?id=6732
6734,Nicholas Sheran Park Pond,Lethbridge,PP1,49.671905,-112.879725,6.1,https://mywildalberta.ca/fishing/fish-stocking/stocking-maps.aspx?id=6734
6735,Niemela Reservoir (Ray's Pond),Red Deer,PP2,52.322935,-114.292729,1.5,https://mywildalberta.ca/fishing/fish-stocking/stocking-maps.aspx?id=6735
6647,Niton Lake,Evansburg,ES3,53.616078,-115.725966,2.5,https://mywildalberta.ca/fishing/fish-stocking/stocking-maps.aspx?id=6647
6914,Nordegg Borrow Pit (East),Nordegg,ES2,52.480398,-116.122018,2,https://mywildalberta.ca/fishing/fish-stocking/stocking-maps.aspx?id=6914
6915,Nordegg Borrow Pit (West),Nordegg,ES2,52.484878,-116.128512,7,https://mywildalberta.ca/fishing/fish-stocking/stocking-maps.aspx?id=6915
6535,North Two Lake,Grande Prairie,ES4,54.380594,-119.755438,3.6,https://mywildalberta.ca/fishing/fish-stocking/stocking-maps.aspx?id=6535
6671,Nose Creek,Cochrane,ES1,51.280125,-114.010762,5.4,https://mywildalberta.ca/fishing/fish-stocking/stocking-maps.aspx?id=6671
6724,Nuggent Pond,Ponoka,PP2,52.791495,-114.317013,4,https://mywildalberta.ca/fishing/fish-stocking/stocking-maps.aspx?id=6724
5466,Obed Lake,Hinton,ES3,53.566667,-117.133333,Not Found,https://mywildalberta.ca/fishing/fish-stocking/stocking-maps.aspx?id=5466
18997,Odlum Lake,High River,ES1,50.473279,-114.912787,7,https://mywildalberta.ca/fishing/fish-stocking/stocking-maps.aspx?id=18997
5476,Ole Lake,Fairview,NB3,56.316771,-119.894419,18.6,https://mywildalberta.ca/fishing/fish-stocking/stocking-maps.aspx?id=5476
6726,Open Creek Reservoir,Rocky Mountain House,PP2,52.648629,-114.729184,19.8,https://mywildalberta.ca/fishing/fish-stocking/stocking-maps.aspx?id=6726
5504,Outpost Lake (Police Lake),Cardston,PP1,49.011823,-113.456699,97.8,https://mywildalberta.ca/fishing/fish-stocking/stocking-maps.aspx?id=5504
18020,Oyen (Concrete Plant Pond),Oyen,PP2,51.351315,-110.488247,5,https://mywildalberta.ca/fishing/fish-stocking/stocking-maps.aspx?id=18020
6714,Oyen Reservoir,Oyen,PP2,51.6135,-110.497677,13.2,https://mywildalberta.ca/fishing/fish-stocking/stocking-maps.aspx?id=6714
5521,Parker Lake,Slave Lake,NB2,55.084708,-114.621162,27,https://mywildalberta.ca/fishing/fish-stocking/stocking-maps.aspx?id=5521
6718,Parlby Reservoir (Tees Fish Pond),Ponoka,PP2,52.471946,-113.316718,7,https://mywildalberta.ca/fishing/fish-stocking/stocking-maps.aspx?id=6718
5513,Payne (Mami) Lake,Cardston,ES1,49.1117,-113.655837,219.2,https://mywildalberta.ca/fishing/fish-stocking/stocking-maps.aspx?id=5513
5538,Peanut Lake,Barrhead,NB2,54.017399,-114.352591,13.2,https://mywildalberta.ca/fishing/fish-stocking/stocking-maps.aspx?id=5538
5555,Peppers Lake,Rocky Mountain House,ES2,52.038779,-11.5705653,11.6,https://mywildalberta.ca/fishing/fish-stocking/stocking-maps.aspx?id=5555
5565,Petite Lake,Hinton,ES3,53.655681,-117.702585,11.2,https://mywildalberta.ca/fishing/fish-stocking/stocking-maps.aspx?id=5565
5568,Phillipps Lake,Blairmore,ES1,49.642427,-114.662526,2.5,https://mywildalberta.ca/fishing/fish-stocking/stocking-maps.aspx?id=5568
5569,Phyllis Lake,Rocky Mountain House,ES2,52.1,-114.966667,16,https://mywildalberta.ca/fishing/fish-stocking/stocking-maps.aspx?id=5569
6534,Pierre Greys Lakes (Lower) #1,Grande Cache,ES4,53.910427,-118.60656,15.8,https://mywildalberta.ca/fishing/fish-stocking/stocking-maps.aspx?id=6534
6533,Pierre Greys Lakes (Middle) #2,Grande Cache,ES4,53.90135,-118.588692,29.6,https://mywildalberta.ca/fishing/fish-stocking/stocking-maps.aspx?id=6533
5572,Pierre Greys Lakes (Upper) #3,Grande Cache,ES4,53.908548,-118.585692,53.4,https://mywildalberta.ca/fishing/fish-stocking/stocking-maps.aspx?id=5572
18007,Pine Coulee Reservoir,Claresholm,PP2,50.1757,-113.737738,503.2,https://mywildalberta.ca/fishing/fish-stocking/stocking-maps.aspx?id=18007
6910,Pine Point Borrow Pit,Fox Creek,ES4,54.46228,-116.947095,3,https://mywildalberta.ca/fishing/fish-stocking/stocking-maps.aspx?id=6910
5581,Pinehurst Lake,Lac La Biche,NB1,54.653492,-111.428157,3956.3,https://mywildalberta.ca/fishing/fish-stocking/stocking-maps.aspx?id=5581
23789,Pit 24 Lake,Edson,ES3,53.030531,-116.714447,4.9,https://mywildalberta.ca/fishing/fish-stocking/stocking-maps.aspx?id=23789
23790,Pit 35 Lake,Edson,ES3,52.992044,-116.649313,2.6,https://mywildalberta.ca/fishing/fish-stocking/stocking-maps.aspx?id=23790
24312,Pit 44 Lake,Edson,ES3,53.004695,-116.653503,7.1,https://mywildalberta.ca/fishing/fish-stocking/stocking-maps.aspx?id=24312
23791,Pit 45 Lake,Edson,ES3,52.992815,-116.645687,7.5,https://mywildalberta.ca/fishing/fish-stocking/stocking-maps.aspx?id=23791
6706,Pleasure Island Reservoir (Twomey),Camrose,PP2,52.979766,-112.729392,10,https://mywildalberta.ca/fishing/fish-stocking/stocking-maps.aspx?id=6706
6871,Ponoka Centennial Park Pond,Ponoka,PP2,52.979766,-112.729392,6.5,https://mywildalberta.ca/fishing/fish-stocking/stocking-maps.aspx?id=6871
26047,Radway Fish Pond,Smoky Lake,NB1,54.056876,-112.9560769,Not Found,https://mywildalberta.ca/fishing/fish-stocking/stocking-maps.aspx?id=26047
6705,Rainbow Lake Pond,High Level,NB3,58.495385,-119.349303,1.5,https://mywildalberta.ca/fishing/fish-stocking/stocking-maps.aspx?id=6705
6613,Rainbow Park Pond (Westlock Recreation Pond),Barrhead,NB2,54.145706,-113.727525,1.1,https://mywildalberta.ca/fishing/fish-stocking/stocking-maps.aspx?id=6613
6702,Rat Lake,Rocky Mountain House,ES2,52.247523,-115.183801,2.5,https://mywildalberta.ca/fishing/fish-stocking/stocking-maps.aspx?id=6702
5646,Rattlesnake Lake,Medicine Hat,PP1,49.978878,-111.060632,987.8,https://mywildalberta.ca/fishing/fish-stocking/stocking-maps.aspx?id=5646
5649,Rawson Lake,Canmore,ES1,50.591308,-115.153682,Not Found,https://mywildalberta.ca/fishing/fish-stocking/stocking-maps.aspx?id=5649
5661,Reesor Lake,Medicine Hat,PP1,49.66537,-110.106922,52.4,https://mywildalberta.ca/fishing/fish-stocking/stocking-maps.aspx?id=5661
5667,Ribbon Lake,Canmore,ES1,50.886413,-115.243069,7,https://mywildalberta.ca/fishing/fish-stocking/stocking-maps.aspx?id=5667
22504,Riverstone Pond,Lethbridge,PP1,49.659849,-112.863787,7,https://mywildalberta.ca/fishing/fish-stocking/stocking-maps.aspx?id=22504
3485,Rocky Children's Pond,Rocky Mountain House,ES2,52.398682,-114.949741,1.4,https://mywildalberta.ca/fishing/fish-stocking/stocking-maps.aspx?id=3485
5714,Running Lake,Fairview,NB3,56.669178,-119.0339,29.7,https://mywildalberta.ca/fishing/fish-stocking/stocking-maps.aspx?id=5714
5729,Salter's Lake,Barrhead,PP2,53.690156,-114.191032,13.6,https://mywildalberta.ca/fishing/fish-stocking/stocking-maps.aspx?id=5729
5743,Sandy Lake,Athabasca,NB3,55.833622,-113.384829,2793.1,https://mywildalberta.ca/fishing/fish-stocking/stocking-maps.aspx?id=5743
6695,Sardine Lake,Drayton Valley,PP2,53.193482,-114.551159,2.3,https://mywildalberta.ca/fishing/fish-stocking/stocking-maps.aspx?id=6695
5753,Sauer Lake,Stony Plain,PP2,53.612875,-114.078152,42,https://mywildalberta.ca/fishing/fish-stocking/stocking-maps.aspx?id=5753
5766,Schuman Lake,Swan Hills,NB2,54.318086,-115.077728,9.3,https://mywildalberta.ca/fishing/fish-stocking/stocking-maps.aspx?id=5766
6697,Severn Creek Reservoir,Strathmore,PP2,51.208304,-112.955705,22.1,https://mywildalberta.ca/fishing/fish-stocking/stocking-maps.aspx?id=6697
5788,Shark Lake,Canmore,ES1,50.840833,-115.397778,2.9,https://mywildalberta.ca/fishing/fish-stocking/stocking-maps.aspx?id=5788
328085,Shell True North Pond,Grande Prairie,ES4,55.829544,-119.167595,8,https://mywildalberta.ca/fishing/fish-stocking/stocking-maps.aspx?id=328085
6699,Shemeluk Lake,Smoky Lake,NB1,54.212986,-112.423089,11,https://mywildalberta.ca/fishing/fish-stocking/stocking-maps.aspx?id=6699
5804,Shunda Lake (Fish Lake),Nordegg,ES2,52.451617,-116.149976,51.4,https://mywildalberta.ca/fishing/fish-stocking/stocking-maps.aspx?id=5804
6688,Shuster Lake,Vermilion,PP2,52.740747,-110.609119,10.6,https://mywildalberta.ca/fishing/fish-stocking/stocking-maps.aspx?id=6688
5805,Sibbald Lake,Canmore,ES1,51.05457,-114.944741,2.2,https://mywildalberta.ca/fishing/fish-stocking/stocking-maps.aspx?id=5805
3486,Sibbald Meadows Pond,Canmore,ES1,51.05457,-114.944741,3.6,https://mywildalberta.ca/fishing/fish-stocking/stocking-maps.aspx?id=3486
6651,Silkstone Lake,Edson,ES3,53.0436,-116.717434,5.1,https://mywildalberta.ca/fishing/fish-stocking/stocking-maps.aspx?id=6651
5820,Skeleton Lake,Barrhead,NB1,54.61404,-112.726508,877.9,https://mywildalberta.ca/fishing/fish-stocking/stocking-maps.aspx?id=5820
18014,South Heart Reservoir,High Prairie,NB2,55.688779,-116.602659,Not Found,https://mywildalberta.ca/fishing/fish-stocking/stocking-maps.aspx?id=18014
6652,South Sundance Lake,Edson,ES3,53.722144,-116.979844,149,https://mywildalberta.ca/fishing/fish-stocking/stocking-maps.aspx?id=6652
6535,South Two Lake,Grande Prairie,ES4,54.380594,-119.755438,3.6,https://mywildalberta.ca/fishing/fish-stocking/stocking-maps.aspx?id=6535
5858,Sparrows Egg Lake,Canmore,ES1,50.673406,-115.105897,6,https://mywildalberta.ca/fishing/fish-stocking/stocking-maps.aspx?id=5858
5874,Spring (Cottage) Lake,Stony Plain,PP2,53.517861,-114.138808,69.2,https://mywildalberta.ca/fishing/fish-stocking/stocking-maps.aspx?id=5874
6692,Spring Coulee Park Pond,Cardston,PP1,49.372404,-113.108558,49,https://mywildalberta.ca/fishing/fish-stocking/stocking-maps.aspx?id=6692
6693,Spring Lake (Spirit River),Spirit River,ES4,55.513162,-119.583801,40.1,https://mywildalberta.ca/fishing/fish-stocking/stocking-maps.aspx?id=6693
3534,Spruce Coulee Reservoir,Medicine Hat,PP1,49.673739,-110.181613,19.7,https://mywildalberta.ca/fishing/fish-stocking/stocking-maps.aspx?id=3534
24702,St. Paul Fish Pond,St Paul,NB1,53.995566,-111.268531,0.3,https://mywildalberta.ca/fishing/fish-stocking/stocking-maps.aspx?id=24702
3536,Stafford Reservoir,Lethbridge,PP1,49.683103,-112.356181,488.2,https://mywildalberta.ca/fishing/fish-stocking/stocking-maps.aspx?id=3536
5895,Star Lake,Stony Plain,PP2,53.510057,-114.273086,27,https://mywildalberta.ca/fishing/fish-stocking/stocking-maps.aspx?id=5895
5901,Stenton Lake,Canmore,ES1,51.17613,-115.283424,2.9,https://mywildalberta.ca/fishing/fish-stocking/stocking-maps.aspx?id=5901
6682,Stirling Children's Pond,Lethbridge,PP1,49.500793,-112.5376,1.9,https://mywildalberta.ca/fishing/fish-stocking/stocking-maps.aspx?id=6682
6686,Strathmore Children's Pond,Strathmore,PP1,51.041855,-113.390752,1.9,https://mywildalberta.ca/fishing/fish-stocking/stocking-maps.aspx?id=6686
5919,Strubel Lake,Rocky Mountain House,ES2,52.203976,-115.001395,297,https://mywildalberta.ca/fishing/fish-stocking/stocking-maps.aspx?id=5919
5929,Sulphur Lake,Fairview,NB3,56.706382,-118.318549,53,https://mywildalberta.ca/fishing/fish-stocking/stocking-maps.aspx?id=5929
5944,Swan Lake,Valleyview,ES4,55.059122,-117.813668,162.7,https://mywildalberta.ca/fishing/fish-stocking/stocking-maps.aspx?id=5944
5952,Sylvan Lake,Edmonton,PP2,52.374063,-114.187701,5.3,https://mywildalberta.ca/fishing/fish-stocking/stocking-maps.aspx?id=5952
318138,Taber Trout Pond,Medicine Hat,PP2,49.794747,-112.188165,53,https://mywildalberta.ca/fishing/fish-stocking/stocking-maps.aspx?id=318138
6635,Tamarack Lake,Swan Hills,NB2,54.702083,-115.71791,19.6,https://mywildalberta.ca/fishing/fish-stocking/stocking-maps.aspx?id=6635
5968,Tay Lake,Rocky Mountain House,ES2,52.06155,-115.11949,4.9,https://mywildalberta.ca/fishing/fish-stocking/stocking-maps.aspx?id=5968
5971,Tea Lake,Slave Lake,NB2,54.795498,-115.015327,114.4,https://mywildalberta.ca/fishing/fish-stocking/stocking-maps.aspx?id=5971
6674,Telegraph Park Pond,Camrose,PP2,53.1886,-113.0443,2.4,https://mywildalberta.ca/fishing/fish-stocking/stocking-maps.aspx?id=6674
6636,Texaco East Pond,Fort McMurray,NB4,56.637029,-111.191296,3.4,https://mywildalberta.ca/fishing/fish-stocking/stocking-maps.aspx?id=6636
6637,Texaco Pond,Fort McMurray,NB4,56.639271,-111.248523,2.7,https://mywildalberta.ca/fishing/fish-stocking/stocking-maps.aspx?id=6637
5990,Three Isle Lake,Canmore,ES1,50.630121,-115.277514,33.2,https://mywildalberta.ca/fishing/fish-stocking/stocking-maps.aspx?id=5990
6638,Trapper Lake,Edson,ES3,54.022698,-116.362574,2.4,https://mywildalberta.ca/fishing/fish-stocking/stocking-maps.aspx?id=6638
3537,Travers Reservoir,Lethbridge,PP1,50.630121,-115.277514,2239.2,https://mywildalberta.ca/fishing/fish-stocking/stocking-maps.aspx?id=3537
6039,Twin Lakes,Rocky Mountain House,ES2,57.45,-117.533333,27.5,https://mywildalberta.ca/fishing/fish-stocking/stocking-maps.aspx?id=6039
6670,Two Hills Trout Pond,Vegreville,PP2,53.703308,-111.744946,1.4,https://mywildalberta.ca/fishing/fish-stocking/stocking-maps.aspx?id=6670
4167,Upper Burstall Lake,Canmore,ES1,50.781856,-115.335866,9.3,https://mywildalberta.ca/fishing/fish-stocking/stocking-maps.aspx?id=4167
6607,Upper Champion Lake,Cochrane,ES1,50.813258,-114.597433,4,https://mywildalberta.ca/fishing/fish-stocking/stocking-maps.aspx?id=6607
6061,Upper Kananaskis Lake,Canmore,ES1,50.617022,-115.161232,846.4,https://mywildalberta.ca/fishing/fish-stocking/stocking-maps.aspx?id=6061
6606,Upper Smuts Lake,Canmore,ES1,50.796667,-115.388417,2.2,https://mywildalberta.ca/fishing/fish-stocking/stocking-maps.aspx?id=6606
6160,Upper Wildhorse Lakes,Hinton,ES3,53.271338,-117.80152,2.6,https://mywildalberta.ca/fishing/fish-stocking/stocking-maps.aspx?id=6160
6619,Vegreville Children's Pond,Vegreville,PP2,53.492329,-112.035539,1.3,https://mywildalberta.ca/fishing/fish-stocking/stocking-maps.aspx?id=6619
6620,Vegreville Trout Pond,Vegreville,PP2,53.474312,-112.05988,1.3,https://mywildalberta.ca/fishing/fish-stocking/stocking-maps.aspx?id=6620
6086,Victor Lake,Grande Cache,NB1,53.882014,-119.090207,72.4,https://mywildalberta.ca/fishing/fish-stocking/stocking-maps.aspx?id=6086
6097,Wadlin Lake,Peace River,NB3,57.737141,-115.584729,1924.3,https://mywildalberta.ca/fishing/fish-stocking/stocking-maps.aspx?id=6097
6622,Wallace Park Pond,Vermilion,PP2,52.8425,-110.85653,5,https://mywildalberta.ca/fishing/fish-stocking/stocking-maps.aspx?id=6622
6609,Weberville Pond,Peace River,NB3,56.360995,-117.311159,1.3,https://mywildalberta.ca/fishing/fish-stocking/stocking-maps.aspx?id=6609
6524,West Dollar Lake,Valleyview,ES4,55.317308,-117.209194,7.3,https://mywildalberta.ca/fishing/fish-stocking/stocking-maps.aspx?id=6524
26854,West Rivers Edge Pond (Fort Lions Park Pond),Edmonton,PP2,53.683219,-113.274136,4.8,https://mywildalberta.ca/fishing/fish-stocking/stocking-maps.aspx?id=26854
18019,Wetaskiwin Pond,Wetaskiwin,PP2,52.987222,-113.353311,3,https://mywildalberta.ca/fishing/fish-stocking/stocking-maps.aspx?id=18019
21137,Whitecourt Town Pond,Whitecourt,ES3,54.149158,-115.685342,5,https://mywildalberta.ca/fishing/fish-stocking/stocking-maps.aspx?id=21137
26033,Whiteridge Recreational Area Pond (Blueridge Pit),Whitecourt,ES3,54.15613,-115.364319,5.8,https://mywildalberta.ca/fishing/fish-stocking/stocking-maps.aspx?id=26033
6625,Wildwood Pond (Stones Pond),Evansburg,ES3,53.601291,-115.318904,1.5,https://mywildalberta.ca/fishing/fish-stocking/stocking-maps.aspx?id=6625
6169,Winagami Lake,Valleyview,NB2,55.625326,-116.735302,4586.3,https://mywildalberta.ca/fishing/fish-stocking/stocking-maps.aspx?id=6169
6617,Winchell Lake,Sundre,ES2,51.454862,-114.609375,4.7,https://mywildalberta.ca/fishing/fish-stocking/stocking-maps.aspx?id=6617
6173,Windsor Lake,Ponoka,PP2,52.595848,-113.093667,1.6,https://mywildalberta.ca/fishing/fish-stocking/stocking-maps.aspx?id=6173
6626,Wolf Creek Pond,Edson,ES3,53.574507,-116.2285,0.9,https://mywildalberta.ca/fishing/fish-stocking/stocking-maps.aspx?id=6626
6601,Yellowhead Lake,Sundre,ES2,51.957774,-114.802334,24.5,https://mywildalberta.ca/fishing/fish-stocking/stocking-maps.aspx?id=6601
6598,Zamma Community Pond,High Level,NB3,59.161004,-118.681101,Not Found,https://mywildalberta.ca/fishing/fish-stocking/stocking-maps.aspx?id=6598
