OFFICIAL NAME,COMMON NAME,ATS,LAT,LONG,SPECIES,STRAIN,GENOTYPE,AVG. LENGTH,QUANTITY,SHIPMENT DATE
ALFORD LAKE,,SW4-36-8-W5,52.063523,-115.092202,RNTR,Campbell Lake,3N,18,3000,18-May-20
BEAR POND,,NW36-14-4-W5,50.218457,-114.430019,RNTR,Trout Lodge/Jumpers,AF3N,19.7,750,22-Jun-20
BEAUVAIS LAKE,,SW29-5-1-W5,49.411416,-114.105019,RNTR,Trout Lodge/Jumpers,AF3N,16.3,23000,11-May-20
BEAVER LAKE,,NE16-35-6-W5,52.006721,-114.788387,RNTR,Trout Lodge/Jumpers,AF3N,21.3,2500,21-May-20
BEAVER LAKE,,NE16-35-6-W5,52.006721,-114.788387,TGTR,Beitty/Bow River,3N,16.9,500,02-Sep-20
BEAVER LAKE,,NE16-35-6-W5,52.006721,-114.788387,TGTR,Beitty/Bow River,3N,20,500,02-Sep-20
BEAVER MINES LAKE,,NE11-5-3-W5,49.372895,-114.296284,RNTR,Trout Lodge/Jumpers,AF3N,15.1,23000,13-May-20
BIRCH LAKE,,SE18-35-6-W5,52.011667,-114.854167,BNTR,Bow River,3N,18,500,04-Jun-20
BIRCH LAKE,,SE18-35-6-W5,52.011667,-114.854167,BKTR,Beitty Resort,3N,17.8,4400,19-Jun-20
BIRCH LAKE,,SE18-35-6-W5,52.011667,-114.854167,RNTR,Trout Lodge/Jumpers,AF3N,20.2,3500,25-Jun-20
BLOOD INDIAN CREEK RESERVOIR,,SW28-26-9-W4,51.24853,-111.210333,RNTR,Trout Lodge/Kamloops,AF3N,11.5,4000,04-May-20
BLOOD INDIAN CREEK RESERVOIR,,SW28-26-9-W4,51.24853,-111.210333,RNTR,Trout Lodge/Jumpers,AF3N,14.7,2836,04-May-20
BLOOD INDIAN CREEK RESERVOIR,,SW28-26-9-W4,51.24853,-111.210333,BNTR,Bow River,3N,19.3,7500,04-May-20
BLOOD INDIAN CREEK RESERVOIR,,SW28-26-9-W4,51.24853,-111.210333,RNTR,Trout Lodge/Jumpers,AF3N,16.2,22164,05-May-20
BLOOD INDIAN CREEK RESERVOIR,,SW28-26-9-W4,51.24853,-111.210333,RNTR,Campbell Lake,3N,8.1,14331,04-Jun-20
BLOOD INDIAN CREEK RESERVOIR,,SW28-26-9-W4,51.24853,-111.210333,RNTR,Campbell Lake,3N,7,25669,04-Jun-20
BLOOD INDIAN CREEK RESERVOIR,,SW28-26-9-W4,51.24853,-111.210333,RNTR,Campbell Lake,3N,16.3,29194,28-Sep-20
BLOOD INDIAN CREEK RESERVOIR,,SW28-26-9-W4,51.24853,-111.210333,TGTR,Beitty/Bow River,3N,9.9,16474,28-Sep-20
BLOOD INDIAN CREEK RESERVOIR,,SW28-26-9-W4,51.24853,-111.210333,TGTR,Beitty/Bow River,3N,10.56,26436,28-Sep-20
BLOOD INDIAN CREEK RESERVOIR,,SW28-26-9-W4,51.24853,-111.210333,TGTR,Beitty/Bow River,3N,21.23,6500,28-Sep-20
BLOOD INDIAN CREEK RESERVOIR,,SW28-26-9-W4,51.24853,-111.210333,TGTR,Beitty/Bow River,3N,22.65,2000,14-Oct-20
BLOOD INDIAN CREEK RESERVOIR,,SW28-26-9-W4,51.24853,-111.210333,TGTR,Beitty/Bow River,3N,10.75,4000,14-Oct-20
BONNYVILLE TOWN POND,SLAWUTA LAKE,NW7-61-5-W4,54.265723,-110.745372,RNTR,Trout Lodge/Jumpers,AF3N,20,500,01-May-20
BUTCHER'S LAKE,,NW15-4-1-W5,49.303994,-114.061148,BKTR,Beitty Resort,3N,18.3,2300,26-May-20
CAPTAIN EYRE LAKE,CAPT AYRE,NW30-38-5-W4,52.29945,-110.714832,RNTR,Campbell Lake,2N,16.5,5000,07-May-20
CAPTAIN EYRE LAKE,CAPT AYRE,NW30-38-5-W4,52.29945,-110.714832,TGTR,Beitty/Bow River,3N,22.5,2000,25-Sep-20
CAVAN LAKE,,SW30-11-3-W4,49.935915,-110.407082,RNTR,Campbell Lake,2N,16,11000,28-Apr-20
CAVAN LAKE,,SW30-11-3-W4,49.935915,-110.407082,RNTR,Campbell Lake,2N,15.5,10978,29-Apr-20
CHAIN LAKES,LOWER CHAIN LAKE,NW7-69-23-W4,54.964036,-113.511311,RNTR,Campbell Lake,2N,17.65,4800,22-May-20
CHAIN LAKES,LOWER CHAIN LAKE,NW7-69-23-W4,54.964036,-113.511311,BNTR,Bow River,3N,21.94,1000,22-May-20
CHAIN LAKES,LOWER CHAIN LAKE,NW7-69-23-W4,54.964036,-113.511311,RNTR,Campbell Lake,2N,17.65,4800,01-Jun-20
CHAIN LAKES,LOWER CHAIN LAKE,NW7-69-23-W4,54.964036,-113.511311,BNTR,Bow River,3N,21.72,1000,01-Jun-20
CHAIN LAKES,LOWER CHAIN LAKE,NW7-69-23-W4,54.964036,-113.511311,RNTR,Trout Lodge/Kamloops,AF2N,20.63,1380,15-Sep-20
CHAIN LAKES,LOWER CHAIN LAKE,NW7-69-23-W4,54.964036,-113.511311,RNTR,Trout Lodge/Kamloops,AF2N,22.21,1620,15-Sep-20
CHAIN LAKES RESERVOIR,,NE4-15-2-W5,50.236864,-114.20802,RNTR,Trout Lodge/Jumpers,AF3N,15.3,50000,08-May-20
CHAIN LAKES RESERVOIR,,NE4-15-2-W5,50.236864,-114.20802,RNTR,Trout Lodge/Jumpers,AF3N,7,30000,03-Jun-20
CHAIN LAKES RESERVOIR,,NE4-15-2-W5,50.236864,-114.20802,RNTR,Trout Lodge/Jumpers,AF3N,15.8,10155,10-Sep-20
CHAIN LAKES RESERVOIR,,NE4-15-2-W5,50.236864,-114.20802,RNTR,Beitty Resort,3N,11.3,25217,10-Sep-20
CHAIN LAKES RESERVOIR,,NE4-15-2-W5,50.236864,-114.20802,RNTR,Campbell Lake,3N,17.5,15000,25-Sep-20
CHAMPION LAKES,LOWER CHAMPION LAKE,NW26-21-5-W5,50.813258,-114.597433,RNTR,Trout Lodge/Jumpers,AF3N,19.8,300,22-Jun-20
CHAMPION LAKES,UPPER CHAMPION LAKE,NW26-21-5-W5,50.815306,-114.599941,RNTR,Trout Lodge/Jumpers,AF3N,19.8,300,22-Jun-20
CHATWIN LAKE,,NE4-61-6-W4,54.24779,-110.841712,RNTR,Trout Lodge/Jumpers,AF2N,19.73,4000,01-Jun-20
CHATWIN LAKE,,NE4-61-6-W4,54.24779,-110.841712,RNTR,Trout Lodge/Jumpers,AF2N,19.83,4000,11-Jun-20
CHICKAKOO LAKE,CHICKAKO LAKE,SW34-53-1-W5,53.618628,-114.074339,RNTR,Trout Lodge/Jumpers,AF2N,19.9,10000,06-May-20
CHRYSTINA LAKE,,NW8-67-8-W5,54.786102,-115.194645,BKTR,Beitty Resort,3N,22.33,1800,01-Jun-20
CLAUDE N. BRENNAN MEMORIAL POND,VERMILION PARK POND,NE36-50-7-W4,53.364531,-110.884936,RNTR,Trout Lodge/Kamloops,AF3N,21.2,1250,14-May-20
COW LAKE,,NE12-38-8-W5,52.260185,-115.005926,BNTR,Bow River,3N,8.53,25800,10-Sep-20
CROWSNEST LAKE,,NE8-8-5-W5,49.634111,-114.637963,RNTR,Trout Lodge/Jumpers,AF3N,15.5,15000,06-May-20
DILLBERRY LAKE,,NE36-41-1-W4,52.576348,-110.004391,RNTR,Campbell Lake,2N,14.3,23706,21-Sep-20
DILLBERRY LAKE,,NE36-41-1-W4,52.576348,-110.004391,TGTR,Beitty/Bow River,3N,22.92,3500,21-Sep-20
DOLBERG LAKE,,SE1-60-8-W5,54.157685,-115.053191,RNTR,Campbell Lake,2N,18,4000,08-May-20
DOLBERG LAKE,,SE1-60-8-W5,54.157685,-115.053191,BNTR,Bow River,3N,20.22,2000,08-May-20
DOLBERG LAKE,,SE1-60-8-W5,54.157685,-115.053191,TGTR,Beitty/Bow River,3N,20.39,2000,17-Sep-20
DUNN LAKE,,NW7-54-25-W5,53.654925,-117.685762,BKTR,Beitty Resort,3N,20.9,2500,28-May-20
EAST DOLLAR LAKE,,NW8-73-21-W5,55.314926,-117.204628,RNTR,Trout Lodge/Jumpers,AF2N,19.7,3000,19-May-20
EAST DOLLAR LAKE,,NW8-73-21-W5,55.314926,-117.204628,BNTR,Bow River,3N,19.2,500,19-May-20
EAST DOLLAR LAKE,,NW8-73-21-W5,55.314926,-117.204628,TGTR,Beitty/Bow River,3N,22.03,300,17-Sep-20
EAST DOLLAR LAKE,,NW8-73-21-W5,55.314926,-117.204628,TGTR,Beitty/Bow River,3N,9.74,500,17-Sep-20
EAST TWIN LAKE,,SW29-97-22-W5,57.45,-117.533333,RNTR,Campbell Lake,2N,16.51,4200,25-May-20
EAST TWIN LAKE,,SW29-97-22-W5,57.45,-117.533333,TGTR,Beitty/Bow River,3N,22.81,548,15-Sep-20
EAST TWIN LAKE,,SW29-97-22-W5,57.45,-117.533333,TGTR,Beitty/Bow River,3N,20.39,452,15-Sep-20
EDITH LAKE,,NE13-67-10-W5,54.801854,-115.382263,BKTR,Beitty Resort,3N,22.24,1800,01-Jun-20
EMERALD LAKE,,SW5-62-11-W5,54.333426,-115.61828,BKTR,Beitty Resort,3N,20.45,2300,03-Jun-20
EMERSON LAKE,,SW5-19-28-W4,50.576929,-113.85125,RNTR,Trout Lodge/Jumpers,AF3N,20,1050,30-Apr-20
EMERSON LAKE,,SW5-19-28-W4,50.576929,-113.85125,BNTR,Bow River,3N,20,200,30-Apr-20
EMERSON LAKES,,NW6-55-21-W5,53.723859,-117.12285,RNTR,Trout Lodge/Jumpers,AF3N,19.52,2250,28-May-20
ENGSTROM LAKE,,NW17-83-6-W4,56.188889,-110.906389,RNTR,Trout Lodge/Kamloops,AF3N,14.64,25000,12-May-20
ENGSTROM LAKE,,NW17-83-6-W4,56.188889,-110.906389,RNTR,Beitty Resort,3N,13.5,15500,09-Sep-20
ENGSTROM LAKE,,NW17-83-6-W4,56.188889,-110.906389,RNTR,Beitty Resort,3N,13.14,9100,09-Sep-20
FAIRFAX LAKE,,NW17-46-18-W5,52.971131,-116.576532,RNTR,Trout Lodge/Kamloops,AF3N,15.45,10000,28-May-20
GOLDEYE LAKE,,NE14-40-16-W5,52.449584,-116.192114,RNTR,Trout Lodge/Jumpers,AF3N,20.7,10000,21-May-20
GRANDE CACHE LAKE,,NE1-57-8-W6,53.9,-119.05,RNTR,Trout Lodge/Jumpers,AF2N,18.79,8607,04-Jun-20
GRANDE CACHE LAKE,,NE1-57-8-W6,53.9,-119.05,RNTR,Trout Lodge/Jumpers,AF2N,19.88,14193,08-Jun-20
GRANDE CACHE LAKE,,NE1-57-8-W6,53.9,-119.05,RNTR,Beitty Resort,3N,12.46,20000,08-Sep-20
GROTTO MOUNTAIN POND,,NW21-24-9-W5,51.065761,-115.202402,RNTR,Trout Lodge/Jumpers,AF3N,20,1600,14-May-20
GROTTO MOUNTAIN POND,,NW21-24-9-W5,51.065761,-115.202402,RNTR,Trout Lodge/Jumpers,AF3N,20.2,800,19-Jun-20
GROTTO MOUNTAIN POND,,NW21-24-9-W5,51.065761,-115.202402,RNTR,Trout Lodge/Jumpers,AF3N,21.2,800,08-Jul-20
GROTTO MOUNTAIN POND,,NW21-24-9-W5,51.065761,-115.202402,RNTR,Trout Lodge/Jumpers,AF3N,23.1,800,28-Jul-20
HASSE LAKE,,SW13-52-2-W5,53.487212,-114.173756,RNTR,Trout Lodge/Jumpers,AF3N,20.1,5000,11-May-20
HASSE LAKE,,SW13-52-2-W5,53.487212,-114.173756,TGTR,Beitty/Bow River,3N,23.1,500,24-Sep-20
HASSE LAKE,,SW13-52-2-W5,53.487212,-114.173756,TGTR,Beitty/Bow River,3N,10.24,2000,24-Sep-20
HASSE LAKE,,SW13-52-2-W5,53.487212,-114.173756,RNTR,Campbell Lake,2N,40,50,28-Sep-20
HASSE LAKE,,SW13-52-2-W5,53.487212,-114.173756,RNTR,Trout Lodge/Jumpers,AF3N,20.6,2500,05-Oct-20
HINTON F & G POND,HINTON BORROW PIT,SW28-50-25-W5,53.341065,-117.605197,RNTR,Trout Lodge/Jumpers,AF3N,20,300,20-May-20
HORSESHOE LAKE,,SW31-63-25-W4,54.489439,-113.783183,BKTR,Beitty Resort,3N,10.1,15034,19-Jun-20
IRONSIDE POND,,SW7-38-7-W5,52.246795,-114.996541,RNTR,Beitty Resort,2N,35,5,13-May-20
IRONSIDE POND,,SW7-38-7-W5,52.246795,-114.996541,RNTR,Campbell Lake,2N,55,25,13-May-20
IRONSIDE POND,,SW7-38-7-W5,52.246795,-114.996541,TGTR,Beitty/Bow River,3N,20,200,01-Sep-20
ISLAND LAKE,,NW12-8-6-W5,49.627778,-114.684444,RNTR,Trout Lodge/Jumpers,AF3N,20.5,1900,20-May-20
JACK FISH LAKE,,NW20-53-9-W4,53.594311,-111.296351,RNTR,Trout Lodge/Jumpers,AF2N,20,500,09-May-20
KAKUT LAKE,,SW34-76-4-W6,55.625,-118.533333,RNTR,Trout Lodge/Jumpers,AF2N,20.1,1500,26-May-20
KINKY LAKE,,SE6-50-26-W5,53.280836,-117.783145,BKTR,Beitty Resort,3N,22.56,5613,10-Sep-20
KINKY LAKE,,SE6-50-26-W5,53.280836,-117.783145,BKTR,Beitty Resort,3N,12.07,5000,10-Sep-20
LAC DELORME,GEORGE'S LAKE,SE5-57-8-W4,53.896214,-111.1509,RNTR,Trout Lodge/Jumpers,AF2N,19.6,2000,28-May-20
LAC DELORME,GEORGE'S LAKE,SE5-57-8-W4,53.896214,-111.1509,RNTR,Trout Lodge/Jumpers,AF2N,19.6,2000,29-May-20
LAC LA BICHE TROUT POND,ALEXANDER HAMILTON POND,NW5-67-13-W4,54.775532,-111.953265,RNTR,Trout Lodge/Jumpers,AF2N,19.73,600,08-May-20
LAC LA BICHE TROUT POND,ALEXANDER HAMILTON POND,NW5-67-13-W4,54.775532,-111.953265,RNTR,Trout Lodge/Kamloops,AF2N,23.14,600,14-Sep-20
LAMBERT POND,,NW8-53-17-W5,53.566383,-116.481493,RNTR,Trout Lodge/Jumpers,AF3N,20,2000,22-May-20
LEES LAKE,,SW8-7-2-W5,49.541912,-114.248586,RNTR,Trout Lodge/Jumpers,AF3N,20,5773,29-Apr-20
LEES LAKE,,SW8-7-2-W5,49.541912,-114.248586,RNTR,Trout Lodge/Jumpers,AF3N,17.6,8936,29-Apr-20
LEES LAKE,,SW8-7-2-W5,49.541912,-114.248586,RNTR,Pit Lakes,2N,20.8,500,29-Apr-20
LEES LAKE,,SW8-7-2-W5,49.541912,-114.248586,BNTR,Bow River,3N,20,1895,30-Apr-20
LEES LAKE,,SW8-7-2-W5,49.541912,-114.248586,RNTR,Trout Lodge/Jumpers,AF3N,18.5,5291,06-May-20
LEES LAKE,,SW8-7-2-W5,49.541912,-114.248586,RNTR,Campbell Lake,3N,8.1,10000,05-Jun-20
LEES LAKE,,SW8-7-2-W5,49.541912,-114.248586,RNTR,Campbell Lake,3N,15.5,12000,25-Sep-20
LILY LAKE,,NW7-75-5-W5,55.483333,-114.766667,TGTR,Beitty/Bow River,3N,22.8,325,07-Oct-20
LILY LAKE,,NW7-75-5-W5,55.483333,-114.766667,BKTR,Beitty Resort,3N,14.57,3660,07-Oct-20
LITTLE BEAR LAKE,HASSE LAKE,NW19-64-2-W4,54.551596,-110.300937,RNTR,Pit Lakes,2N,15.66,5000,15-May-20
LITTLE BEAR LAKE,HASSE LAKE,NW19-64-2-W4,54.551596,-110.300937,RNTR,Campbell Lake,2N,17.68,5000,15-May-20
LITTLE BEAR LAKE,HASSE LAKE,NW19-64-2-W4,54.551596,-110.300937,BKTR,Beitty Resort,3N,20.1,2200,15-May-20
LITTLE BEAR LAKE,HASSE LAKE,NW19-64-2-W4,54.551596,-110.300937,TGTR,Beitty/Bow River,3N,22,2213,18-Jun-20
LITTLE BEAR LAKE,HASSE LAKE,NW19-64-2-W4,54.551596,-110.300937,RNTR,Trout Lodge/Kamloops,AF2N,24.12,2390,18-Sep-20
LITTLE BEAR LAKE,HASSE LAKE,NW19-64-2-W4,54.551596,-110.300937,RNTR,Trout Lodge/Kamloops,AF2N,22.21,2610,18-Sep-20
LITTLE BEAR LAKE,HASSE LAKE,NW19-64-2-W4,54.551596,-110.300937,TGTR,Beitty/Bow River,3N,9.65,5000,18-Sep-20
MARGARET LAKE,,NW15-28-9-W5,51.401845,-115.185439,RNTR,Trout Lodge/Jumpers,AF3N,20.4,3067,19-Jun-20
MARIGOLD LAKE,,NW32-65-11-W5,54.671776,-115.628279,BKTR,Beitty Resort,3N,14.57,7000,07-Oct-20
MARY GREGG LAKE,,NW4-48-24-W5,53.112602,-117.454064,RNTR,Trout Lodge/Kamloops,AF3N,15.1,4000,01-Jun-20
MCLEAN POND,,NW20-22-5-W5,50.888074,-114.669068,RNTR,Trout Lodge/Jumpers,AF3N,20,3600,26-May-20
MCLEAN POND,,NW20-22-5-W5,50.888074,-114.669068,RNTR,Trout Lodge/Jumpers,AF3N,20.5,3500,07-Jul-20
MCLEOD LAKE,CARSON LAKE,SE25-61-12-W5,54.298603,-115.652786,RNTR,Trout Lodge/Kamloops,AF3N,14.64,26500,11-May-20
MCLEOD LAKE,CARSON LAKE,SE25-61-12-W5,54.298603,-115.652786,RNTR,Trout Lodge/Kamloops,AF3N,14.3,26500,12-May-20
MCLEOD LAKE,CARSON LAKE,SE25-61-12-W5,54.298603,-115.652786,RNTR,Trout Lodge/Kamloops,AF3N,14.3,27000,13-May-20
MCLEOD LAKE,CARSON LAKE,SE25-61-12-W5,54.298603,-115.652786,RNTR,Trout Lodge/Kamloops,AF3N,13.8,30000,02-Jun-20
MCLEOD LAKE,CARSON LAKE,SE25-61-12-W5,54.298603,-115.652786,RNTR,Campbell Lake,3N,13.8,16050,17-Sep-20
MCLEOD LAKE,CARSON LAKE,SE25-61-12-W5,54.298603,-115.652786,RNTR,Campbell Lake,3N,13.02,25350,21-Sep-20
MCLEOD LAKE,CARSON LAKE,SE25-61-12-W5,54.298603,-115.652786,RNTR,Campbell Lake,3N,15.3,20000,24-Sep-20
MCLEOD LAKE,CARSON LAKE,SE25-61-12-W5,54.298603,-115.652786,RNTR,Campbell Lake,3N,21.02,3855,06-Oct-20
MCLEOD LAKE,CARSON LAKE,SE25-61-12-W5,54.298603,-115.652786,RNTR,Trout Lodge/Kamloops,AF2N,22.21,5000,14-Oct-20
MEDLEY RIVER,,SE11-65-2-W4,54.604201,-110.186494,RNTR,Trout Lodge/Jumpers,AF3N,19.35,1500,30-May-20
MICHEL RESERVOIR,MICHELLE RESERVOIR,NE5-7-3-W4,49.531283,-110.372274,BNTR,Bow River,3N,19.89,6570,07-May-20
MICHEL RESERVOIR,MICHELLE RESERVOIR,NE5-7-3-W4,49.531283,-110.372274,BNTR,Bow River,3N,18.41,2430,07-May-20
MICHEL RESERVOIR,MICHELLE RESERVOIR,NE5-7-3-W4,49.531283,-110.372274,RNTR,Trout Lodge/Jumpers,AF3N,19.3,25000,27-May-20
MICHEL RESERVOIR,MICHELLE RESERVOIR,NE5-7-3-W4,49.531283,-110.372274,RNTR,Trout Lodge/Kamloops,AF2N,22.24,5000,29-Sep-20
MICHICHI RESERVOIR,,SW19-30-18-W4,51.582647,-112.52946,RNTR,Trout Lodge/Jumpers,AF2N,19.8,5600,04-May-20
MILLERS LAKE,,SW8-53-19-W5,53.560075,-116.768896,RNTR,Trout Lodge/Jumpers,AF3N,19.38,9262,27-May-20
MILLERS LAKE,,SW8-53-19-W5,53.560075,-116.768896,RNTR,Trout Lodge/Jumpers,AF3N,19.38,1288,27-May-20
MILLERS LAKE,,SW8-53-19-W5,53.560075,-116.768896,RNTR,Trout Lodge/Jumpers,AF3N,19.91,2000,02-Jun-20
MILLERS LAKE,,SW8-53-19-W5,53.560075,-116.768896,TGTR,Beitty/Bow River,3N,22.81,1450,15-Sep-20
MITCHELL LAKE,,NE25-37-8-W5,52.216312,-115.007692,BNTR,Bow River,3N,18.3,500,20-May-20
MITCHELL LAKE,,NE25-37-8-W5,52.216312,-115.007692,RNTR,Campbell Lake,3N,18,2000,25-May-20
MITCHELL LAKE,,NE25-37-8-W5,52.216312,-115.007692,TGTR,Beitty/Bow River,3N,16.9,700,01-Sep-20
MITCHELL LAKE,,NE25-37-8-W5,52.216312,-115.007692,TGTR,Beitty/Bow River,3N,20,300,01-Sep-20
MITCHELL POND,WASKASOO PARK POND,NW18-38-27-W4,52.269458,-113.853351,RNTR,Trout Lodge/Kamloops,AF3N,21.76,1110,05-May-20
MITCHELL POND,WASKASOO PARK POND,NW18-38-27-W4,52.269458,-113.853351,RNTR,Trout Lodge/Kamloops,AF3N,20.3,1000,18-Jun-20
MONTAGANEUSSE LAKE,STONEY LAKE,NE31-86-3-W6,56.504886,-118.461339,BKTR,Beitty Resort,3N,20.4,6000,25-May-20
MONTAGANEUSSE LAKE,STONEY LAKE,NE31-86-3-W6,56.504886,-118.461339,TGTR,Beitty/Bow River,3N,22.81,1975,14-Sep-20
MOONSHINE LAKE,MIRAGE LAKE,SE31-79-8-W6,55.886111,-119.227778,RNTR,Trout Lodge/Kamloops,AF3N,15.58,1600,26-May-20
MOONSHINE LAKE,MIRAGE LAKE,SE31-79-8-W6,55.886111,-119.227778,BNTR,Bow River,3N,21.62,500,26-May-20
MOONSHINE LAKE,MIRAGE LAKE,SE31-79-8-W6,55.886111,-119.227778,TGTR,Beitty/Bow River,3N,20.39,1500,17-Sep-20
MOONSHINE LAKE,MIRAGE LAKE,SE31-79-8-W6,55.886111,-119.227778,TGTR,Beitty/Bow River,3N,9.74,2500,17-Sep-20
MOONSHINE LAKE,MIRAGE LAKE,SE31-79-8-W6,55.886111,-119.227778,BNTR,Bow River,3N,27.72,500,17-Sep-20
MOUNT LORETTE PONDS,,SW19-23-8-W5,50.969566,-115.107943,RNTR,Trout Lodge/Jumpers,AF3N,20.1,1600,14-May-20
MOUNT LORETTE PONDS,,SW19-23-8-W5,50.969566,-115.107943,RNTR,Trout Lodge/Jumpers,AF3N,20.6,800,19-Jun-20
MOUNT LORETTE PONDS,,SW19-23-8-W5,50.969566,-115.107943,RNTR,Trout Lodge/Jumpers,AF3N,20.5,800,15-Jul-20
MOUNT LORETTE PONDS,,SW19-23-8-W5,50.969566,-115.107943,RNTR,Trout Lodge/Jumpers,AF3N,23.1,1600,28-Jul-20
MUIR LAKE,,NW32-53-27-W4,53.624675,-113.956437,RNTR,Trout Lodge/Jumpers,AF3N,19.79,3000,08-May-20
MUIR LAKE,,NW32-53-27-W4,53.624675,-113.956437,BNTR,Bow River,3N,20.22,500,08-May-20
MUIR LAKE,,NW32-53-27-W4,53.624675,-113.956437,BNTR,Bow River,3N,27.7,433,18-Sep-20
MUIR LAKE,,NW32-53-27-W4,53.624675,-113.956437,RNTR,Trout Lodge/Kamloops,AF3N,21.02,150,18-Sep-20
NIEMELA RESERVOIR,RAY'S POND,SE1-39-3-W5,52.322935,-114.292729,RNTR,Trout Lodge/Kamloops,AF3N,21.85,1500,30-Apr-20
NIEMELA RESERVOIR,RAY'S POND,SE1-39-3-W5,52.322935,-114.292729,RNTR,Trout Lodge/Kamloops,AF3N,20.3,1500,18-Jun-20
OBED LAKE,,SW11-53-22-W5,53.566667,-117.133333,BNTR,Bow River,3N,18.65,8403,22-May-20
OBED LAKE,,SW11-53-22-W5,53.566667,-117.133333,BNTR,Bow River,3N,21.94,3735,22-May-20
OLE LAKE,,NW30-84-12-W6,56.316771,-119.894419,RNTR,Trout Lodge/Jumpers,AF2N,19.93,3000,02-Jun-20
OUTPOST LAKE,POLICE LAKE,NE6-1-26-W4,49.011823,-113.456699,RNTR,Trout Lodge/Jumpers,AF3N,19,5000,05-May-20
PARKER LAKE,,SE25-70-5-W5,55.084708,-114.621162,BKTR,Beitty Resort,3N,14.57,2700,07-Oct-20
PARKER LAKE,,SE25-70-5-W5,55.084708,-114.621162,RNTR,Trout Lodge/Jumpers,AF3N,9.51,7800,07-Oct-20
PARLBY RESERVOIR,TEES FISH POND,NE25-40-24-W4,52.471946,-113.316718,RNTR,Trout Lodge/Kamloops,AF3N,21.76,535,05-May-20
PAYNE LAKE,MAMI LAKE,NE10-2-28-W4,49.1117,-113.655837,RNTR,Trout Lodge/Jumpers,AF3N,17.8,14500,30-Apr-20
PAYNE LAKE,MAMI LAKE,NE10-2-28-W4,49.1117,-113.655837,RNTR,Trout Lodge/Jumpers,AF3N,15,29511,30-Apr-20
PAYNE LAKE,MAMI LAKE,NE10-2-28-W4,49.1117,-113.655837,RNTR,Trout Lodge/Jumpers,AF3N,15,53871,01-May-20
PAYNE LAKE,MAMI LAKE,NE10-2-28-W4,49.1117,-113.655837,RNTR,Trout Lodge/Jumpers,AF3N,15,27618,04-May-20
PAYNE LAKE,MAMI LAKE,NE10-2-28-W4,49.1117,-113.655837,RNTR,Campbell Lake,3N,7.2,11915,03-Jun-20
PAYNE LAKE,MAMI LAKE,NE10-2-28-W4,49.1117,-113.655837,RNTR,Beitty Resort,3N,7.4,27000,03-Jun-20
PAYNE LAKE,MAMI LAKE,NE10-2-28-W4,49.1117,-113.655837,RNTR,Trout Lodge/Kamloops,AF3N,11.5,11085,03-Jun-20
PAYNE LAKE,MAMI LAKE,NE10-2-28-W4,49.1117,-113.655837,RNTR,Trout Lodge/Jumpers,AF3N,15.6,24652,09-Sep-20
PAYNE LAKE,MAMI LAKE,NE10-2-28-W4,49.1117,-113.655837,RNTR,Trout Lodge/Jumpers,AF3N,16.3,10006,09-Sep-20
PAYNE LAKE,MAMI LAKE,NE10-2-28-W4,49.1117,-113.655837,RNTR,Campbell Lake,3N,8.4,9592,09-Sep-20
PAYNE LAKE,MAMI LAKE,NE10-2-28-W4,49.1117,-113.655837,RNTR,Campbell Lake,3N,11.5,22093,23-Sep-20
PAYNE LAKE,MAMI LAKE,NE10-2-28-W4,49.1117,-113.655837,RNTR,Beitty Resort,3N,15.4,14315,23-Sep-20
PEANUT LAKE,,NE15-58-3-W5,54.017399,-114.352591,BKTR,Beitty Resort,3N,20.54,3500,12-May-20
PEANUT LAKE,,NE15-58-3-W5,54.017399,-114.352591,RNTR,Trout Lodge/Kamloops,AF2N,21.96,7385,01-Oct-20
PEANUT LAKE,,NE15-58-3-W5,54.017399,-114.352591,RNTR,Trout Lodge/Kamloops,AF2N,21.74,7615,01-Oct-20
PEPPERS LAKE,,NW30-35-12-W5,52.038779,-115.705653,RNTR,Campbell Lake,3N,17,2800,01-Jun-20
PEPPERS LAKE,,NW30-35-12-W5,52.038779,-115.705653,BKTR,Beitty Resort,3N,18,3400,01-Jun-20
PEPPERS LAKE,,NW30-35-12-W5,52.038779,-115.705653,RNTR,Trout Lodge/Jumpers,AF3N,19.55,2200,11-Jun-20
PETITE LAKE,,NW12-54-26-W5,53.655681,-117.702585,RNTR,Trout Lodge/Jumpers,AF3N,19.46,2000,28-May-20
PHYLLIS LAKE,,SE17-36-7-W5,52.1,-114.966667,RNTR,Beitty Resort,2N,35,6,14-May-20
PHYLLIS LAKE,,SE17-36-7-W5,52.1,-114.966667,RNTR,Campbell Lake,2N,55,25,14-May-20
PHYLLIS LAKE,,SE17-36-7-W5,52.1,-114.966667,RNTR,Trout Lodge/Jumpers,AF3N,18.6,5370,25-May-20
PHYLLIS LAKE,,SE17-36-7-W5,52.1,-114.966667,RNTR,Trout Lodge/Jumpers,AF3N,20.8,4630,25-May-20
PHYLLIS LAKE,,SE17-36-7-W5,52.1,-114.966667,RNTR,Campbell Lake,2N,40,100,01-Sep-20
PIERRE GREYS LAKES,LOWER PIERRE GREYS LAKE,SE12-57-5-W6,53.910427,-118.60656,RNTR,Trout Lodge/Kamloops,AF3N,16.57,7000,04-Jun-20
PIERRE GREYS LAKES,MIDDLE PIERRE GREYS LAKE,NW6-57-4-W6,53.90135,-118.588692,RNTR,Trout Lodge/Kamloops,AF3N,15.45,15000,04-Jun-20
PIERRE GREYS LAKES,UPPER PIERRE GREYS LAKES,SW7-57-4-W6,53.908548,-118.585692,BKTR,Beitty Resort,3N,19.88,7000,04-Jun-20
PIERRE GREYS LAKES,UPPER PIERRE GREYS LAKES,SW7-57-4-W6,53.908548,-118.585692,BNTR,Bow River,3N,21.08,1000,04-Jun-20
RAINBOW PARK POND,WESTLOCK RECREATION POND,NE31-59-25-W4,54.145706,-113.727525,RNTR,Trout Lodge/Kamloops,AF3N,21.76,1110,08-May-20
RAT LAKE,,SW11-38-9-W5,52.247523,-115.183801,BKTR,Beitty Resort,3N,6.5,2000,01-Jun-20
RAT LAKE,,SW11-38-9-W5,52.247523,-115.183801,TGTR,Beitty/Bow River,3N,16.9,200,02-Sep-20
RAT LAKE,,SW11-38-9-W5,52.247523,-115.183801,TGTR,Beitty/Bow River,3N,20,300,02-Sep-20
REESOR LAKE,,NW20-8-1-W4,49.66537,-110.106922,RNTR,Campbell Lake,2N,16.9,14000,12-May-20
REESOR LAKE,,NW20-8-1-W4,49.66537,-110.106922,RNTR,Trout Lodge/Jumpers,AF3N,15.7,3000,12-May-20
REESOR LAKE,,NW20-8-1-W4,49.66537,-110.106922,TGTR,Beitty/Bow River,3N,22.05,3500,29-Sep-20
REESOR LAKE,,NW20-8-1-W4,49.66537,-110.106922,RNTR,Trout Lodge/Kamloops,AF2N,22.67,2000,29-Sep-20
ROCKY CHILDREN'S POND,,SW33-39-7-W5,52.398682,-114.949741,RNTR,Trout Lodge/Jumpers,AF3N,19.41,500,25-May-20
ROCKY CHILDREN'S POND,,SW33-39-7-W5,52.398682,-114.949741,RNTR,Beitty Resort,2N,24.5,500,13-Aug-20
RUNNING LAKE,,SW34-88-7-W6,56.669178,-119.0339,RNTR,Trout Lodge/Jumpers,AF2N,19.69,4350,02-Jun-20
SALTER'S LAKE,,SW26-54-2-W5,53.690156,-114.191032,RNTR,Trout Lodge/Jumpers,AF2N,19.9,7500,07-May-20
SARDINE LAKE,,SW5-49-4-W5,53.193482,-114.551159,RNTR,Campbell Lake,3N,17,2500,28-May-20
SAUER LAKE,,NE28-53-1-W5,53.612875,-114.078152,RNTR,Trout Lodge/Jumpers,AF2N,18.59,6000,11-May-20
SCHUMAN LAKE,,SE35-61-8-W5,54.318086,-115.077728,RNTR,Trout Lodge/Jumpers,AF2N,19.9,5500,13-May-20
SCHUMAN LAKE,,SE35-61-8-W5,54.318086,-115.077728,RNTR,Trout Lodge/Jumpers,AF2N,19.56,4500,01-Jun-20
SCHUMAN LAKE,,SE35-61-8-W5,54.318086,-115.077728,TGTR,Beitty/Bow River,3N,20.39,500,17-Sep-20
SHUNDA LAKE,FISH LAKE,SW19-40-15-W5,52.451617,-116.149976,RNTR,Trout Lodge/Jumpers,AF3N,19.1,1000,25-May-20
SHUNDA LAKE,FISH LAKE,SW19-40-15-W5,52.451617,-116.149976,RNTR,Trout Lodge/Jumpers,AF3N,15.6,8000,25-May-20
SHUNDA LAKE,FISH LAKE,SW19-40-15-W5,52.451617,-116.149976,RNTR,Trout Lodge/Jumpers,AF3N,20.8,11000,12-Jun-20
SIBBALD MEADOWS POND,,SW20-24-7-W5,51.05457,-114.944741,RNTR,Trout Lodge/Jumpers,AF3N,20.4,2000,14-May-20
SIBBALD MEADOWS POND,,SW20-24-7-W5,51.05457,-114.944741,RNTR,Trout Lodge/Jumpers,AF3N,21.2,2000,09-Jul-20
SOUTH SUNDANCE LAKE,,SE1-55-21-W5,53.722144,-116.979844,BKTR,Beitty Resort,3N,14.57,4500,06-Oct-20
SPARROW'S EGG LAKE,,NW6-20-8-W5,50.673406,-115.105897,RNTR,Trout Lodge/Jumpers,AF3N,20.4,900,19-Jun-20
SPRING LAKE,COTTAGE,SW30-52-1-W5,53.517861,-114.138808,RNTR,Trout Lodge/Jumpers,AF2N,20.05,10000,07-May-20
SPRING LAKE,COTTAGE,SW30-52-1-W5,53.517861,-114.138808,RNTR,Trout Lodge/Kamloops,AF2N,22.88,5000,17-Sep-20
SPRUCE COULEE RESERVOIR,,SW26-8-2-W4,49.673739,-110.181613,BKTR,Beitty Resort,3N,19.88,6000,04-Jun-20
SPRUCE COULEE RESERVOIR,,SW26-8-2-W4,49.673739,-110.181613,BKTR,Beitty Resort,3N,13.1,8000,11-Sep-20
STAR LAKE,,NE19-52-2-W5,53.510057,-114.273086,RNTR,Campbell Lake,2N,17.63,8040,11-May-20
STAR LAKE,,NE19-52-2-W5,53.510057,-114.273086,RNTR,Campbell Lake,2N,40,50,09-Sep-20
STRUBEL LAKE,,SW30-37-7-W5,52.203976,-115.001395,RNTR,Trout Lodge/Jumpers,AF3N,18.5,19000,22-May-20
SULPHUR LAKE,,NW7-89-2-W6,56.706382,-118.318549,RNTR,Trout Lodge/Kamloops,AF3N,15.82,5900,26-May-20
SULPHUR LAKE,,NW7-89-2-W6,56.706382,-118.318549,RNTR,Trout Lodge/Kamloops,AF3N,17.6,1600,26-May-20
SWAN LAKE,,SW18-70-25-W5,55.059122,-117.813668,RNTR,Trout Lodge/Kamloops,AF3N,16.56,15000,28-May-20
SWAN LAKE,,SW18-70-25-W5,55.059122,-117.813668,RNTR,Trout Lodge/Kamloops,AF3N,20.94,15000,16-Sep-20
TAY LAKE,,SW5-36-8-W5,52.061406,-115.11934,RNTR,Trout Lodge/Jumpers,AF3N,16.5,5000,25-Jun-20
TWIN LAKES,,SW6-40-7-W5,52.413889,-115.001806,RNTR,Beitty Resort,2N,35,5,15-May-20
TWIN LAKES,,SW6-40-7-W5,52.413889,-115.001806,RNTR,Campbell Lake,2N,55,25,15-May-20
TWIN LAKES,,SW6-40-7-W5,52.413889,-115.001806,RNTR,Campbell Lake,3N,18,3500,15-May-20
TWIN LAKES,,SW6-40-7-W5,52.413889,-115.001806,RNTR,Campbell Lake,3N,12,2500,15-May-20
TWIN LAKES,,SW6-40-7-W5,52.413889,-115.001806,RNTR,Trout Lodge/Jumpers,AF3N,21.3,1000,21-May-20
TWIN LAKES,,SW6-40-7-W5,52.413889,-115.001806,RNTR,Campbell Lake,2N,40,100,01-Sep-20
TWO LAKES,NORTH TWO LAKE,NE20-62-12-W6,54.380594,-119.755438,RNTR,Trout Lodge/Jumpers,AF2N,16.5,4500,02-Jun-20
UNNAMED,ACADIA VALLEY RESERVOIR,SW5-25-2-W4,51.099316,-110.25524,BKTR,Beitty Resort,3N,21.07,2000,04-May-20
UNNAMED,ACADIA VALLEY RESERVOIR,SW5-25-2-W4,51.099316,-110.25524,RNTR,Campbell Lake,2N,18.3,5000,06-May-20
UNNAMED,ALLISON LAKE,SW27-8-5-W5,49.672284,-114.604063,RNTR,Trout Lodge/Jumpers,AF3N,21.2,3740,26-May-20
UNNAMED,ALLISON LAKE,SW27-8-5-W5,49.672284,-114.604063,CTTR,Job Lake,2N,32,300,02-Jun-20
UNNAMED,ANDERSON DAM,SW25-28-21-W4,51.419906,-112.838356,RNTR,Trout Lodge/Kamloops,AF3N,21.85,1006,30-Apr-20
UNNAMED,ARDMORE COMMUNITY POND,NW1-62-4-W4,54.339952,-110.479159,RNTR,Trout Lodge/Jumpers,AF2N,20,400,01-May-20
UNNAMED,ARDMORE COMMUNITY POND,NW1-62-4-W4,54.339952,-110.479159,RNTR,Trout Lodge/Kamloops,AF2N,23.83,200,09-Sep-20
UNNAMED,ASHLAND RESERVOIR,NW17-48-3-W5,53.147371,-114.409999,RNTR,Campbell Lake,2N,17.1,8100,13-May-20
UNNAMED,ASHLAND RESERVOIR,NW17-48-3-W5,53.147371,-114.409999,RNTR,Campbell Lake,3N,19.3,1000,03-Sep-20
UNNAMED,ASHLAND RESERVOIR,NW17-48-3-W5,53.147371,-114.409999,RNTR,Trout Lodge/Jumpers,AF3N,24.2,502,17-Sep-20
UNNAMED,ATLANTIC RICHFIELD RESERVOIR,NE29-67-9-W5,54.832388,-115.326749,RNTR,Trout Lodge/Jumpers,AF2N,19.56,1800,01-Jun-20
UNNAMED,BASHAW POND,SE4-42-21-W4,52.581079,-112.966507,RNTR,Trout Lodge/Jumpers,AF3N,20.08,500,05-May-20
UNNAMED,BASHAW POND,SE4-42-21-W4,52.581079,-112.966507,BKTR,Beitty Resort,3N,21.07,200,05-May-20
UNNAMED,BATHING LAKE,SE11-4-1-W5,49.278825,-114.024744,RNTR,Trout Lodge/Jumpers,AF3N,20.5,775,20-May-20
UNNAMED,BEAUMONT POND,NW27-50-24-W4,53.346482,-113.430512,BNTR,Bow River,3N,20.45,241,05-May-20
UNNAMED,BEAUMONT POND,NW27-50-24-W4,53.346482,-113.430512,RNTR,Trout Lodge/Kamloops,AF3N,20.72,1250,24-Jun-20
UNNAMED,BELLIS BEACH LAKE,SE15-59-15-W4,54.100613,-112.15247,RNTR,Trout Lodge/Jumpers,AF2N,18.39,4000,13-May-20
UNNAMED,BELLIS BEACH LAKE,SE15-59-15-W4,54.100613,-112.15247,RNTR,Trout Lodge/Jumpers,AF2N,19.5,6000,13-May-20
UNNAMED,BELLIS BEACH LAKE,SE15-59-15-W4,54.100613,-112.15247,RNTR,Trout Lodge/Jumpers,AF2N,19,4000,13-May-20
UNNAMED,BIG IRON LAKE,NW1-15-4-W5,50.233539,-114.430313,RNTR,Trout Lodge/Jumpers,AF3N,19.7,750,22-Jun-20
UNNAMED,BLACK NUGGET MINE PIT,NW11-49-18-W4,53.217685,-112.532662,RNTR,Trout Lodge/Jumpers,AF2N,20.1,12500,05-May-20
UNNAMED,BLACK NUGGET MINE PIT,NW11-49-18-W4,53.217685,-112.532662,RNTR,Trout Lodge/Jumpers,AF3N,19.7,5020,16-Sep-20
UNNAMED,BLACK NUGGET MINE PIT,NW11-49-18-W4,53.217685,-112.532662,RNTR,Trout Lodge/Kamloops,AF2N,21.47,5500,25-Sep-20
UNNAMED,BLACK NUGGET MINE PIT,NW11-49-18-W4,53.217685,-112.532662,TGTR,Beitty/Bow River,3N,22.83,4000,25-Sep-20
UNNAMED,BOW CITY EAST PONDS,NE15-17-17-W4,50.434749,-112.259866,RNTR,Trout Lodge/Kamloops,AF3N,21.74,1500,23-Apr-20
UNNAMED,BOYLE POND,NE16-64-19-W4,54.537414,-112.80524,RNTR,Trout Lodge/Jumpers,AF3N,20.1,2200,12-May-20
UNNAMED,BRAZEAU BORROW PIT #1,SE32-45-10-W5,52.916194,-115.414317,RNTR,Campbell Lake,3N,17,1500,27-May-20
UNNAMED,BROOKS AQUADUCT POND,NE15-18-14-W4,50.524756,-111.843722,RNTR,Campbell Lake,2N,16,2500,28-Apr-20
UNNAMED,BROOKS AQUADUCT POND,NE15-18-14-W4,50.524756,-111.843722,RNTR,Trout Lodge/Jumpers,AF3N,18.3,7500,28-Apr-20
UNNAMED,BUD MILLER PARK POND,NE26-49-1-W4,53.259224,-110.040698,RNTR,Trout Lodge/Jumpers,AF3N,19.79,1500,09-May-20
UNNAMED,BURMIS LAKE,SE14-7-3-W5,49.553784,-114.299609,RNTR,Trout Lodge/Jumpers,AF3N,20.5,1000,20-May-20
UNNAMED,BURN'S RESERVOIR,NE23-6-30-W4,49.492841,-113.93045,RNTR,Trout Lodge/Jumpers,AF3N,20.7,1000,20-May-20
UNNAMED,BY THE LAKE PARK,SW22-46-24-W4,52.976846,-113.408198,RNTR,Campbell Lake,2N,16.9,5000,12-May-20
UNNAMED,CAMP 9 TROUT POND,NE32-44-8-W5,52.84209,-115.125149,RNTR,Trout Lodge/Jumpers,AF3N,20.45,576,11-Jun-20
UNNAMED,CARDIFF PARK POND,SW24-55-25-W4,53.763266,-113.584073,RNTR,Trout Lodge/Jumpers,AF2N,19.9,4833,06-May-20
UNNAMED,CARDIFF PARK POND,SW24-55-25-W4,53.763266,-113.584073,RNTR,Trout Lodge/Jumpers,AF2N,19.9,6667,06-May-20
UNNAMED,CARDIFF PARK POND,SW24-55-25-W4,53.763266,-113.584073,RNTR,Trout Lodge/Kamloops,AF2N,23.14,5000,14-Sep-20
UNNAMED,CARDIFF PARK POND,SW24-55-25-W4,53.763266,-113.584073,TGTR,Beitty/Bow River,3N,22.81,550,14-Sep-20
UNNAMED,CASTAWAY TROUT POND,NE35-47-13-W4,53.097592,-111.79091,RNTR,Trout Lodge/Kamloops,AF3N,21.2,1000,11-May-20
UNNAMED,CASTOR EASTSIDE TROUT POND,SE34-37-14-W4,52.218207,-111.91105,RNTR,Trout Lodge/Kamloops,AF3N,21.76,435,06-May-20
UNNAMED,CECIL THOMPSON POND,SW23-83-21-W5,56.209063,-117.20295,RNTR,Trout Lodge/Jumpers,AF2N,19.7,1000,19-May-20
UNNAMED,CIPPERLEY'S RESERVOIR,SW8-32-1-W5,51.7253,-114.111399,RNTR,Trout Lodge/Kamloops,AF3N,22.9,1207,29-Apr-20
UNNAMED,CIPPERLEY'S RESERVOIR,SW8-32-1-W5,51.7253,-114.111399,RNTR,Trout Lodge/Kamloops,AF3N,20.3,300,18-Jun-20
UNNAMED,COLEMAN FISH AND GAME POND,SW24-8-5-W5,49.655563,-114.559795,RNTR,Trout Lodge/Jumpers,AF3N,21.2,1600,26-May-20
UNNAMED,CORONATION RESERVOIR,SW24-36-11-W4,52.105809,-111.44958,RNTR,Campbell Lake,2N,16.5,8300,07-May-20
UNNAMED,COTTONWOOD LAKE,SE16-7-29-W4,49.5588,-113.8722,RNTR,Trout Lodge/Jumpers,AF3N,20.5,750,20-May-20
UNNAMED,COUNTY SPORTPLEX POND,NW14-72-6-W6,55.237091,-118.812752,RNTR,Trout Lodge/Jumpers,AF3N,20.1,2000,12-May-20
UNNAMED,COUNTY SPORTPLEX POND,NW14-72-6-W6,55.237091,-118.812752,TGTR,Beitty/Bow River,3N,22.03,140,17-Sep-20
UNNAMED,COUNTY SPORTPLEX POND,NW14-72-6-W6,55.237091,-118.812752,TGTR,Beitty/Bow River,3N,9.74,200,17-Sep-20
UNNAMED,CROSSFIELD TROUT POND,SE27-28-1-W5,51.422275,-114.049779,RNTR,Trout Lodge/Jumpers,AF3N,20.5,1400,19-May-20
UNNAMED,DANDURAND LAKE,NE9-53-19-W5,53.565803,-116.736533,RNTR,Trout Lodge/Jumpers,AF3N,20,1000,21-May-20
UNNAMED,DAYSLAND POND,NE9-45-16-W4,52.86884,-112.263607,RNTR,Trout Lodge/Jumpers,AF3N,20,300,04-May-20
UNNAMED,DEWITT'S POND,SE31-26-1-W5,51.262527,-114.121485,BNTR,Bow River,3N,20,1300,14-May-20
UNNAMED,DEWITT'S POND,SE31-26-1-W5,51.262527,-114.121485,RNTR,Trout Lodge/Kamloops,AF3N,21.01,1300,23-Jun-20
UNNAMED,DICKSON TROUT POND,NW13-35-3-W5,52.011001,-114.309334,RNTR,Trout Lodge/Jumpers,AF3N,19,20000,15-May-20
UNNAMED,DICKSON TROUT POND,NW13-35-3-W5,52.011001,-114.309334,RNTR,Trout Lodge/Jumpers,AF3N,19.9,5513,17-Sep-20
UNNAMED,DICKSON TROUT POND,NW13-35-3-W5,52.011001,-114.309334,TGTR,Beitty/Bow River,3N,22.14,3400,23-Sep-20
UNNAMED,DIPLOMAT MINE POND,NW1-41-16-W4,52.50583,-112.180118,RNTR,Campbell Lake,2N,16.5,5000,07-May-20
UNNAMED,DIPLOMAT MINE POND,NW1-41-16-W4,52.50583,-112.180118,RNTR,Trout Lodge/Jumpers,AF3N,19.6,5112,15-Sep-20
UNNAMED,DIPLOMAT MINE POND,NW1-41-16-W4,52.50583,-112.180118,TGTR,Beitty/Bow River,3N,23.47,1500,23-Sep-20
UNNAMED,EAST PIT LAKE,SE23-53-4-W5,53.584969,-114.473822,RNTR,Pit Lakes,2N,15.9,11600,15-May-20
UNNAMED,EAST STORMWATER POND,SE29-40-26-W4,52.469538,-113.709921,RNTR,Trout Lodge/Kamloops,AF2N,21.76,1200,01-May-20
UNNAMED,ECHO DALE REGIONAL PARK POND,SE5-13-6-W4,50.049958,-110.780527,RNTR,Trout Lodge/Kamloops,AF3N,21.2,1200,15-May-20
UNNAMED,ELK CREEK POND,NW33-35-12-W5,52.056822,-115.657217,RNTR,Campbell Lake,3N,19.4,500,29-May-20
UNNAMED,ENCHANT POND,NW8-14-18-W4,50.161135,-112.432267,RNTR,Trout Lodge/Kamloops,AF3N,22.3,1000,26-Apr-20
UNNAMED,ENCHANT POND,NW8-14-18-W4,50.161135,-112.432267,RNTR,Trout Lodge/Kamloops,AF3N,20.35,1000,19-Jun-20
UNNAMED,FAIRVIEW COLLEGE POND,SW34-81-3-W6,56.0588,-118.387234,RNTR,Trout Lodge/Jumpers,AF2N,20.1,500,26-May-20
UNNAMED,FIESTA LAKE,NE12-35-6-W5,51.995874,-114.726449,RNTR,Campbell Lake,3N,17,550,29-May-20
UNNAMED,FIGURE EIGHT LAKE,NE20-84-25-W5,56.30153,-117.906378,RNTR,Trout Lodge/Jumpers,AF3N,19.8,9000,14-May-20
UNNAMED,FOOTNER POND,SE5-111-19-W5,58.608147,-117.156875,RNTR,Trout Lodge/Jumpers,AF2N,19.8,500,20-May-20
UNNAMED,FOREMOST RESERVOIR,NW17-6-11-W4,49.477485,-111.456691,RNTR,Trout Lodge/Kamloops,AF3N,21.74,1500,23-Apr-20
UNNAMED,FOX CREEK TROUT POND,NW13-63-20-W5,54.45359,-116.888798,RNTR,Trout Lodge/Jumpers,AF2N,19.7,500,19-May-20
UNNAMED,GENESEE TROUT POND,NW1-51-3-W5,53.376492,-114.309875,RNTR,Trout Lodge/Jumpers,AF3N,20,500,22-May-20
UNNAMED,GIBBONS POND,NE10-56-23-W4,53.830514,-113.332084,RNTR,Trout Lodge/Kamloops,AF2N,21.2,300,25-May-20
UNNAMED,GIBBONS POND,NE10-56-23-W4,53.830514,-113.332084,RNTR,Trout Lodge/Kamloops,AF3N,20.72,300,24-Jun-20
UNNAMED,GOLDSPRING PARK POND,NE6-2-15-W4,49.095497,-111.995479,RNTR,Trout Lodge/Kamloops,AF3N,21.74,1575,23-Apr-20
UNNAMED,GOLDSPRING PARK POND,NE6-2-15-W4,49.095497,-111.995479,RNTR,Trout Lodge/Kamloops,AF3N,20.35,1575,19-Jun-20
UNNAMED,GOOSEBERRY PARK POND,NE22-36-6-W4,52.110661,-110.771236,RNTR,Trout Lodge/Kamloops,AF3N,21.76,2000,06-May-20
UNNAMED,GOOSEBERRY PARK POND,NE22-36-6-W4,52.110661,-110.771236,RNTR,Trout Lodge/Kamloops,AF3N,21.1,1400,17-Jun-20
UNNAMED,GRANUM POND,NW31-10-26-W4,49.870282,-113.516665,RNTR,Trout Lodge/Kamloops,AF3N,22.3,600,26-Apr-20
UNNAMED,HANSEN'S RESERVOIR,NE29-38-3-W5,52.297145,-114.394522,RNTR,Trout Lodge/Kamloops,AF3N,21.85,2000,30-Apr-20
UNNAMED,HANSEN'S RESERVOIR,NE29-38-3-W5,52.297145,-114.394522,RNTR,Trout Lodge/Kamloops,AF3N,20.3,2000,18-Jun-20
UNNAMED,HARLECK POND,SE5-41-14-W5,52.494632,-115.972609,RNTR,Trout Lodge/Jumpers,AF3N,20.6,400,19-May-20
UNNAMED,HELMER RESERVOIR,SW18-31-14-W4,51.649233,-111.983108,RNTR,Trout Lodge/Jumpers,AF3N,18.5,5000,06-May-20
UNNAMED,HERITAGE LAKE,NW33-55-25-W4,53.799728,-113.66643,RNTR,Trout Lodge/Jumpers,AF3N,20,2020,05-May-20
UNNAMED,HERITAGE LAKE,NW33-55-25-W4,53.799728,-113.66643,BNTR,Bow River,3N,20.45,800,05-May-20
UNNAMED,HERITAGE LAKE,NW33-55-25-W4,53.799728,-113.66643,BKTR,Beitty Resort,3N,21.07,1000,05-May-20
UNNAMED,HERITAGE LAKE,NW33-55-25-W4,53.799728,-113.66643,RNTR,Trout Lodge/Jumpers,AF3N,21.07,2020,03-Jun-20
UNNAMED,HERITAGE LAKE,NW33-55-25-W4,53.799728,-113.66643,BKTR,Beitty Resort,3N,20.45,800,03-Jun-20
UNNAMED,HERITAGE LAKE,NW33-55-25-W4,53.799728,-113.66643,TGTR,Beitty/Bow River,3N,20.39,500,16-Sep-20
UNNAMED,HERITAGE LAKE,NW33-55-25-W4,53.799728,-113.66643,RNTR,Trout Lodge/Jumpers,AF3N,23.5,3005,22-Sep-20
UNNAMED,HERMITAGE PARK POND,NE18-53-23-W4,53.581702,-113.371337,RNTR,Trout Lodge/Jumpers,AF3N,20.08,1565,06-May-20
UNNAMED,HERMITAGE PARK POND,NE18-53-23-W4,53.581702,-113.371337,BNTR,Bow River,3N,20.45,300,06-May-20
UNNAMED,HERMITAGE PARK POND,NE18-53-23-W4,53.581702,-113.371337,RNTR,Trout Lodge/Jumpers,AF3N,20,1565,03-Jun-20
UNNAMED,HIGH LEVEL POND,SE8-110-20-W5,58.532109,-117.302526,RNTR,Trout Lodge/Jumpers,AF2N,20.6,500,20-May-20
UNNAMED,HIGHWAY 40 POND,SW12-69-6-W6,54.958674,-118.782831,RNTR,Trout Lodge/Jumpers,AF2N,20.1,1000,26-May-20
UNNAMED,HIGHWAY 63 POND,NE35-87-9-W4,56.588109,-111.320447,RNTR,Trout Lodge/Jumpers,AF2N,19.9,1000,14-May-20
UNNAMED,HIGHWAY 686 POND,NE17-85-19-W5,56.372419,-116.954587,RNTR,Trout Lodge/Jumpers,AF2N,19.8,500,20-May-20
UNNAMED,HILLER'S RESERVOIR,SE13-32-29-W4,51.739122,-113.978521,RNTR,Campbell Lake,2N,17.1,7574,13-May-20
UNNAMED,HUBER RESERVOIR,SW36-37-13-W4,52.221611,-111.732917,RNTR,Campbell Lake,2N,16.3,6000,07-May-20
UNNAMED,HUBER RESERVOIR,SW36-37-13-W4,52.221611,-111.732917,RNTR,Campbell Lake,2N,40,50,08-Sep-20
UNNAMED,HUBER RESERVOIR,SW36-37-13-W4,52.221611,-111.732917,TGTR,Beitty/Bow River,3N,22.97,1250,22-Sep-20
UNNAMED,INNISFREE TROUT POND,SE13-51-12-W4,53.39796,-111.629354,BKTR,Beitty Resort,3N,19.66,600,09-May-20
UNNAMED,INNISFREE TROUT POND,SE13-51-12-W4,53.39796,-111.629354,RNTR,Trout Lodge/Jumpers,AF3N,19.79,500,09-May-20
UNNAMED,IRMA FISH AND GAME POND,SW34-45-9-W4,52.918593,-111.236446,RNTR,Trout Lodge/Jumpers,AF3N,20,200,04-May-20
UNNAMED,IRMA FISH AND GAME POND,SW34-45-9-W4,52.918593,-111.236446,BKTR,Beitty Resort,3N,21.07,300,04-May-20
UNNAMED,JARVIS CREEK POND,NE19-52-26-W5,53.508917,-117.810057,RNTR,Trout Lodge/Jumpers,AF3N,19.9,700,28-May-20
UNNAMED,KEENEX TROUT POND,NW10-11-24-W4,49.896607,-113.208467,RNTR,Campbell Lake,2N,16,4000,29-Apr-20
UNNAMED,KEENEX TROUT POND,NW10-11-24-W4,49.896607,-113.208467,RNTR,Campbell Lake,3N,8.1,10000,05-Jun-20
UNNAMED,KERBE'S POND,NE19-36-20-W4,52.112277,-112.844594,RNTR,Trout Lodge/Jumpers,AF3N,19.4,500,01-Jun-20
UNNAMED,KERBE'S POND,NE19-36-20-W4,52.112277,-112.844594,TGTR,Beitty/Bow River,3N,22.55,250,28-Sep-20
UNNAMED,KERBE'S POND,NE19-36-20-W4,52.112277,-112.844594,RNTR,Trout Lodge/Kamloops,AF3N,23.22,250,28-Sep-20
UNNAMED,KIDS CAN CATCH POND,SW13-24-1-W5,51.041403,-114.017656,RNTR,Trout Lodge/Jumpers,AF3N,23.9,41,23-Jul-20
UNNAMED,KRAFT WIMBORNE POND,SE28-33-26-W4,51.859122,-113.620127,RNTR,Trout Lodge/Jumpers,AF3N,19.66,300,08-May-20
UNNAMED,KRAFT WIMBORNE POND,SE28-33-26-W4,51.859122,-113.620127,BKTR,Beitty Resort,3N,20.1,480,08-May-20
UNNAMED,KRAMER POND,SW25-45-6-W5,52.906846,-114.745933,RNTR,Trout Lodge/Jumpers,AF3N,19.4,5000,19-May-20
UNNAMED,LA CRETE POND,SW15-106-12-W5,58.197347,-115.906655,RNTR,Trout Lodge/Jumpers,AF2N,19.7,1500,20-May-20
UNNAMED,LACOMBE PARK POND,NW5-54-25-W4,53.637547,-113.653734,RNTR,Trout Lodge/Jumpers,AF3N,20.08,500,06-May-20
UNNAMED,LACOMBE PARK POND,NW5-54-25-W4,53.637547,-113.653734,BKTR,Beitty Resort,3N,19.61,600,06-May-20
UNNAMED,LAMONT POND,SW27-55-19-W4,53.775627,-112.749283,RNTR,Trout Lodge/Kamloops,AF3N,21.76,2000,08-May-20
UNNAMED,LARA FISH POND,NE25-61-5-W4,54.3089,-110.61054,RNTR,Trout Lodge/Jumpers,AF2N,20,400,01-May-20
UNNAMED,LARA FISH POND,NE25-61-5-W4,54.3089,-110.61054,RNTR,Trout Lodge/Kamloops,AF2N,23.83,200,09-Sep-20
UNNAMED,LEDUC RESERVOIR,NE27-49-25-W4,53.259984,-113.567083,RNTR,Campbell Lake,2N,16.9,5000,12-May-20
UNNAMED,LEGAL RESERVOIR,NW24-57-25-W4,53.947431,-113.586428,RNTR,Trout Lodge/Jumpers,AF3N,20.08,1000,06-May-20
UNNAMED,LEN THOMPSON POND,NW29-40-26-W4,52.476805,-113.712706,RNTR,Trout Lodge/Jumpers,AF3N,20,2000,05-May-20
UNNAMED,LLOYDMINSTER POND,SE6-50-1-W4,53.27896,-110.139056,RNTR,Trout Lodge/Jumpers,AF2N,19.73,500,07-May-20
UNNAMED,LODGEPOLE POND,NE1-48-10-W5,53.119469,-115.320171,RNTR,Trout Lodge/Jumpers,AF3N,20,200,22-May-20
UNNAMED,LOUGHEED TROUT POND,NE33-43-11-W4,52.750929,-111.539761,RNTR,Trout Lodge/Kamloops,AF3N,21.2,570,15-May-20
UNNAMED,LOVETT LAKE,NW10-47-19-W5,53.041523,-116.706,RNTR,Trout Lodge/Jumpers,AF3N,21.23,1000,08-Jun-20
UNNAMED,MACHESIS LAKE,NW27-107-16-W5,58.324911,-116.585882,RNTR,Trout Lodge/Jumpers,AF2N,19.7,4000,20-May-20
UNNAMED,MAGRATH CHILDRENS POND,SW26-5-22-W4,49.4103,-112.8647,RNTR,Trout Lodge/Kamloops,AF3N,22.3,500,26-Apr-20
UNNAMED,MAYAN LAKE,NW5-57-23-W5,53.902144,-117.38983,RNTR,Trout Lodge/Kamloops,AF3N,16.9,2000,12-Jun-20
UNNAMED,MCCLENNAN RESERVOIR,SW32-77-19-W5,55.709784,-116.919773,RNTR,Trout Lodge/Jumpers,AF2N,19.7,500,19-May-20
UNNAMED,MCLAREN'S RESERVOIR,SW23-33-18-W4,51.840076,-112.45129,RNTR,Trout Lodge/Jumpers,AF2N,19.8,3600,04-May-20
UNNAMED,MCLAREN'S RESERVOIR,SW23-33-18-W4,51.840076,-112.45129,RNTR,Trout Lodge/Jumpers,AF3N,20,2000,04-May-20
UNNAMED,MCQUILLAN RESERVOIR,SW13-8-19-W4,49.64707,-112.45932,RNTR,Trout Lodge/Jumpers,AF3N,20,2350,23-Apr-20
UNNAMED,MCQUILLAN RESERVOIR,SW13-8-19-W4,49.64707,-112.45932,RNTR,Trout Lodge/Kamloops,AF3N,20.35,2350,19-Jun-20
UNNAMED,MCVINNIE RESERVOIR,SW33-12-21-W4,50.035398,-112.816726,RNTR,Trout Lodge/Jumpers,AF3N,20,2205,29-Apr-20
UNNAMED,MCVINNIE RESERVOIR,SW33-12-21-W4,50.035398,-112.816726,RNTR,Trout Lodge/Kamloops,AF3N,21.01,2205,23-Jun-20
UNNAMED,MD PEACE POND #1,SW27-83-23-W5,56.222511,-117.556197,RNTR,Trout Lodge/Jumpers,AF2N,19.8,1000,20-May-20
UNNAMED,MD PEACE POND #2,SW27-83-23-W5,56.224205,-117.553092,RNTR,Trout Lodge/Jumpers,AF2N,19.8,1000,20-May-20
UNNAMED,MIDWAY RESERVOIR,SE16-30-27-W4,51.565685,-113.735238,RNTR,Trout Lodge/Kamloops,AF3N,22.9,1116,29-Apr-20
UNNAMED,MIDWAY RESERVOIR,SE16-30-27-W4,51.565685,-113.735238,RNTR,Trout Lodge/Kamloops,AF3N,20.3,1000,18-Jun-20
UNNAMED,MILE 07 LAKE,NE35-69-14-W4,55.021444,-112.015324,RNTR,Pit Lakes,2N,15.6,4000,14-May-20
UNNAMED,MILE 07 LAKE,NE35-69-14-W4,55.021444,-112.015324,RNTR,Trout Lodge/Jumpers,AF2N,19.9,6000,14-May-20
UNNAMED,MIRROR RESERVOIR,SW29-40-22-W4,52.464155,-113.138878,BNTR,Bow River,3N,20.45,245,05-May-20
UNNAMED,MITFORD PONDS,SE4-26-4-W5,51.19005,-114.49262,BNTR,Bow River,3N,20,61,30-Apr-20
UNNAMED,MITFORD PONDS,SE4-26-4-W5,51.19005,-114.49262,RNTR,Trout Lodge/Jumpers,AF3N,20,350,30-Apr-20
UNNAMED,MORINVILLE FISH AND GAME POND,NW4-56-25-W4,53.811699,-113.658398,RNTR,Trout Lodge/Jumpers,AF3N,20,1425,05-May-20
UNNAMED,MORINVILLE FISH AND GAME POND,NW4-56-25-W4,53.811699,-113.658398,BNTR,Bow River,3N,20.45,100,05-May-20
UNNAMED,MORINVILLE FISH AND GAME POND,NW4-56-25-W4,53.811699,-113.658398,RNTR,Trout Lodge/Jumpers,AF3N,23.5,1007,22-Sep-20
UNNAMED,MOUND RED RESERVOIR,NW11-45-28-W4,52.867842,-113.961579,RNTR,Trout Lodge/Kamloops,AF3N,21.76,1400,08-May-20
UNNAMED,MOUND RED RESERVOIR,NW11-45-28-W4,52.867842,-113.961579,RNTR,Trout Lodge/Kamloops,AF3N,20.17,1400,25-Jun-20
UNNAMED,MUSKOSEEPI POND,SE26-71-6-W6,55.172657,-118.806587,RNTR,Trout Lodge/Jumpers,AF2N,19.9,500,12-May-20
UNNAMED,NARDAM LAKE,NE17-78-5-W6,55.762438,-118.725502,RNTR,Trout Lodge/Jumpers,AF2N,20.1,500,26-May-20
UNNAMED,NICHOLAS SHERAN PARK POND,SE26-8-22-W4,49.671905,-112.879725,BNTR,Bow River,3N,20.1,2000,23-Apr-20
UNNAMED,NICHOLAS SHERAN PARK POND,SE26-8-22-W4,49.671905,-112.879725,RNTR,Trout Lodge/Jumpers,AF3N,20,2000,23-Apr-20
UNNAMED,NICHOLAS SHERAN PARK POND,SE26-8-22-W4,49.671905,-112.879725,RNTR,Pit Lakes,2N,36,75,30-Apr-20
UNNAMED,NICHOLAS SHERAN PARK POND,SE26-8-22-W4,49.671905,-112.879725,BNTR,Bow River,3N,40,10,30-Apr-20
UNNAMED,NICHOLAS SHERAN PARK POND,SE26-8-22-W4,49.671905,-112.879725,RNTR,Campbell Lake,2N,55,100,27-May-20
UNNAMED,NICHOLAS SHERAN PARK POND,SE26-8-22-W4,49.671905,-112.879725,BNTR,Bow River,3N,21.09,500,04-Jun-20
UNNAMED,NITON LAKE,SE32-53-12-W5,53.616078,-115.725966,RNTR,Trout Lodge/Jumpers,AF2N,19.73,1500,07-May-20
UNNAMED,NORDEGG BORROW PIT (EAST),SE32-40-15-W5,52.480398,-116.122018,RNTR,Trout Lodge/Jumpers,AF3N,20.6,300,19-May-20
UNNAMED,NORDEGG BORROW PIT (WEST),SW32-40-15-W5,52.484878,-116.128512,RNTR,Trout Lodge/Jumpers,AF3N,20.6,400,19-May-20
UNNAMED,NOSE CREEK POND,NE1-27-1-W5,51.280125,-114.010762,RNTR,Trout Lodge/Kamloops,AF3N,21.85,315,30-Apr-20
UNNAMED,NUGGENT POND,SE14-44-3-W5,52.791495,-114.317013,RNTR,Trout Lodge/Kamloops,AF3N,21.76,350,08-May-20
UNNAMED,NUGGENT POND,SE14-44-3-W5,52.791495,-114.317013,RNTR,Trout Lodge/Kamloops,AF3N,20.17,350,25-Jun-20
UNNAMED,OPEN CREEK RESERVOIR,NE25-42-6-W5,52.648629,-114.729184,RNTR,Trout Lodge/Jumpers,AF3N,18.7,6000,11-May-20
UNNAMED,OPEN CREEK RESERVOIR,NE25-42-6-W5,52.648629,-114.729184,RNTR,Beitty Resort,2N,40,10,19-May-20
UNNAMED,OYEN (CONCRETE PLANT) POND,NW34-27-4-W4,51.351315,-110.488247,RNTR,Trout Lodge/Kamloops,AF3N,21.76,250,06-May-20
UNNAMED,OYEN RESERVOIR,NE33-30-4-W4,51.6135,-110.497677,RNTR,Trout Lodge/Kamloops,AF3N,21.76,200,06-May-20
UNNAMED,PIT 24,NE4-47-19-W5,53.030531,-116.714447,BNTR,Bow River,3N,21.47,250,08-Jun-20
UNNAMED,PIT 24,NE4-47-19-W5,53.030531,-116.714447,RNTR,Trout Lodge/Jumpers,AF3N,21.23,750,08-Jun-20
UNNAMED,PIT 35,SW26-46-19-W5,52.992044,-116.649313,RNTR,Trout Lodge/Jumpers,AF3N,21.43,390,09-Jun-20
UNNAMED,PIT 44,SW35-46-19-W5,53.004695,-116.653503,RNTR,Trout Lodge/Jumpers,AF3N,21.43,1100,09-Jun-20
UNNAMED,PIT 45,SE26-46-19-W5,52.992815,-116.645687,RNTR,Trout Lodge/Jumpers,AF3N,21.43,1100,09-Jun-20
UNNAMED,PLEASURE ISLAND RESERVOIR,SW20-46-19-W4,52.979766,-112.729392,BKTR,Beitty Resort,3N,19.61,1000,06-May-20
UNNAMED,PLEASURE ISLAND RESERVOIR,SW20-46-19-W4,52.979766,-112.729392,BNTR,Bow River,3N,20.45,160,06-May-20
UNNAMED,PLEASURE ISLAND RESERVOIR,SW20-46-19-W4,52.979766,-112.729392,RNTR,Trout Lodge/Kamloops,AF3N,20.72,1200,24-Jun-20
UNNAMED,PLEASURE ISLAND RESERVOIR,SW20-46-19-W4,52.979766,-112.729392,RNTR,Trout Lodge/Jumpers,AF3N,19.6,1222,15-Sep-20
UNNAMED,PONOKA CENTENNIAL PARK POND,NE5-43-25-W4,52.680354,-113.584991,RNTR,Trout Lodge/Kamloops,AF2N,21.76,650,01-May-20
UNNAMED,RADWAY FISH POND,SE31-58-20-W4,54.056793,-112.95596,RNTR,Trout Lodge/Jumpers,AF3N,20.1,1040,11-May-20
UNNAMED,RAINBOW LAKE POND,NE25-109-9-W6,58.495385,-119.349303,RNTR,Trout Lodge/Jumpers,AF3N,20,500,20-May-20
UNNAMED,RIVERSTONE POND,SW24-8-22-W4,49.659849,-112.863787,RNTR,Trout Lodge/Jumpers,AF3N,20,1000,29-Apr-20
UNNAMED,RIVERSTONE POND,SW24-8-22-W4,49.659849,-112.863787,RNTR,Pit Lakes,2N,26,250,27-May-20
UNNAMED,RIVERSTONE POND,SW24-8-22-W4,49.659849,-112.863787,BNTR,Bow River,3N,21.09,300,04-Jun-20
UNNAMED,RIVERSTONE POND,SW24-8-22-W4,49.659849,-112.863787,RNTR,Trout Lodge/Silver's,AF3N,24.3,638,10-Sep-20
UNNAMED,RIVERSTONE POND,SW24-8-22-W4,49.659849,-112.863787,RNTR,Trout Lodge/Kamloops,AF2N,21.96,468,01-Oct-20
UNNAMED,SEVERN CREEK RESERVOIR,NW12-26-22-W4,51.208304,-112.955705,RNTR,Trout Lodge/Jumpers,AF3N,17.9,5600,28-Apr-20
UNNAMED,SHELL TRUE NORTH POND,SW10-79-8-W6,55.829544,-119.167595,BKTR,Beitty Resort,3N,20.1,640,14-May-20
UNNAMED,SHEMELUK LAKE,SW25-60-17-W4,54.212986,-112.423089,RNTR,Pit Lakes,2N,15.6,6000,13-May-20
UNNAMED,SHUSTER LAKE,NE26-43-5-W4,52.740747,-110.609119,RNTR,Pit Lakes,2N,15.7,1000,15-May-20
UNNAMED,SHUSTER LAKE,NE26-43-5-W4,52.740747,-110.609119,RNTR,Campbell Lake,2N,17.68,2000,15-May-20
UNNAMED,SHUSTER LAKE,NE26-43-5-W4,52.740747,-110.609119,RNTR,Trout Lodge/Jumpers,AF3N,20.5,1500,15-May-20
UNNAMED,SHUSTER LAKE,NE26-43-5-W4,52.740747,-110.609119,RNTR,Trout Lodge/Kamloops,AF3N,16.12,2000,15-May-20
UNNAMED,SIBBALD LAKE,NE14-24-7-W5,51.048693,-114.866712,RNTR,Trout Lodge/Jumpers,AF3N,20.1,1130,14-May-20
UNNAMED,SIBBALD LAKE,NE14-24-7-W5,51.048693,-114.866712,RNTR,Trout Lodge/Jumpers,AF3N,21.2,1000,09-Jul-20
UNNAMED,SILKSTONE LAKE,NE9-47-19-W5,53.0436,-116.717434,RNTR,Trout Lodge/Jumpers,AF3N,21.23,1300,08-Jun-20
UNNAMED,SPRING COULEE PARK POND,NE12-5-24-W4,49.372404,-113.108558,RNTR,Trout Lodge/Jumpers,AF3N,19,3000,05-May-20
UNNAMED,SPRING LAKE,NE23-75-11-W6,55.513162,-119.583801,BKTR,Beitty Resort,3N,20.4,4000,25-May-20
UNNAMED,SPRING LAKE,NE23-75-11-W6,55.513162,-119.583801,RNTR,Trout Lodge/Kamloops,AF3N,16.58,6400,25-May-20
UNNAMED,ST. PAUL FISH POND,SE9-58-9-W4,53.9954,-111.2685,RNTR,Trout Lodge/Jumpers,AF2N,20,1800,09-May-20
UNNAMED,ST. PAUL FISH POND,SE9-58-9-W4,53.9954,-111.2685,RNTR,Trout Lodge/Kamloops,AF2N,22.21,600,10-Sep-20
UNNAMED,STIRLING CHILDREN'S POND,SW29-6-19-W4,49.500793,-112.5376,RNTR,Trout Lodge/Kamloops,AF3N,22.3,1000,26-Apr-20
UNNAMED,STRATHMORE CHILDREN'S POND,SW14-24-25-W4,51.041855,-113.390752,RNTR,Trout Lodge/Kamloops,AF3N,21.85,1650,30-Apr-20
UNNAMED,TABER TROUT POND,NW1-10-17-W4,49.794747,-112.188165,RNTR,Trout Lodge/Kamloops,AF3N,21.74,2250,23-Apr-20
UNNAMED,TABER TROUT POND,NW1-10-17-W4,49.794747,-112.188165,RNTR,Trout Lodge/Kamloops,AF3N,20.35,2150,19-Jun-20
UNNAMED,TAMARACK LAKE,NE10-66-12-W5,54.702083,-115.71791,RNTR,Trout Lodge/Jumpers,AF3N,9.57,8000,07-Oct-20
UNNAMED,TELEGRAPH PARK POND,NW32-48-21-W4,53.1886,-113.0443,RNTR,Trout Lodge/Jumpers,AF3N,20.08,800,06-May-20
UNNAMED,TELEGRAPH PARK POND,NW32-48-21-W4,53.1886,-113.0443,BNTR,Bow River,3N,20.45,193,06-May-20
UNNAMED,TELEGRAPH PARK POND,NW32-48-21-W4,53.1886,-113.0443,BKTR,Beitty Resort,3N,19.61,1200,06-May-20
UNNAMED,TELEGRAPH PARK POND,NW32-48-21-W4,53.1886,-113.0443,RNTR,Campbell Lake,3N,19.3,900,03-Sep-20
UNNAMED,TELEGRAPH PARK POND,NW32-48-21-W4,53.1886,-113.0443,RNTR,Trout Lodge/Jumpers,AF3N,23.8,100,16-Sep-20
UNNAMED,TEXACO EAST POND,NW15-88-8-W4,56.637029,-111.191296,RNTR,Trout Lodge/Jumpers,AF2N,19.9,2700,14-May-20
UNNAMED,TEXACO POND,SW20-88-8-W4,56.639271,-111.248523,RNTR,Trout Lodge/Jumpers,AF2N,19.9,1500,14-May-20
UNNAMED,TIM HORTON CHILDREN'S POND,NW14-24-8-W5,51.046185,-115.018195,RNTR,Trout Lodge/Jumpers,AF3N,20.3,1200,14-May-20
UNNAMED,TRAPPER LAKE,SE19-58-16-W5,54.022698,-116.362574,RNTR,Trout Lodge/Jumpers,AF3N,9.33,1100,06-Oct-20
UNNAMED,TWO HILLS POND,SW32-54-12-W4,53.703308,-111.744946,RNTR,Trout Lodge/Kamloops,AF3N,21.2,750,14-May-20
UNNAMED,VALLEYVIEW CHILDREN'S POND,NE21-70-22-W5,55.076591,-117.284529,RNTR,Trout Lodge/Jumpers,AF2N,19.7,500,19-May-20
UNNAMED,VEGREVILLE CHILDREN'S POND,NW17-52-14-W4,53.492329,-112.035539,RNTR,Trout Lodge/Kamloops,AF3N,21.2,300,14-May-20
UNNAMED,VEGREVILLE TROUT POND,SW7-52-14-W4,53.474312,-112.05988,RNTR,Trout Lodge/Jumpers,AF2N,20,10000,05-May-20
UNNAMED,VEGREVILLE TROUT POND,SW7-52-14-W4,53.474312,-112.05988,RNTR,Campbell Lake,2N,40,50,24-Sep-20
UNNAMED,WALLACE PARK POND,NE31-44-6-W4,52.8425,-110.85653,RNTR,Trout Lodge/Kamloops,AF3N,21.2,500,14-May-20
UNNAMED,WEBERVILLE POND,NW7-85-21-W5,56.360995,-117.311159,RNTR,Trout Lodge/Jumpers,AF2N,19.8,1000,20-May-20
UNNAMED,WETASKIWIN POND,NE24-46-24-W4,52.987222,-113.353311,RNTR,Trout Lodge/Jumpers,AF3N,20.1,200,05-May-20
UNNAMED,WETASKIWIN POND,NE24-46-24-W4,52.987222,-113.353311,BKTR,Beitty Resort,3N,21.1,320,05-May-20
UNNAMED,WHITECOURT TOWN POND,NE35-59-12-W5,54.149158,-115.685342,RNTR,Trout Lodge/Jumpers,AF3N,20.1,1500,11-May-20
UNNAMED,WILDWOOD POND,SW30-53-9-W5,53.601291,-115.318904,RNTR,Trout Lodge/Jumpers,AF2N,20.1,1500,26-May-20
UNNAMED,WINCHELL LAKE,NW2-29-5-W5,51.454862,-114.609375,RNTR,Campbell Lake,3N,10,3178,25-May-20
UNNAMED,WINCHELL LAKE,NW2-29-5-W5,51.454862,-114.609375,RNTR,Campbell Lake,3N,8,2822,25-May-20
UNNAMED,WINCHELL LAKE,NW2-29-5-W5,51.454862,-114.609375,RNTR,Trout Lodge/Jumpers,AF3N,19.4,1000,01-Jun-20
UNNAMED,WINCHELL LAKE,NW2-29-5-W5,51.454862,-114.609375,RNTR,Trout Lodge/Kamloops,AF3N,13.5,3500,01-Jun-20
UNNAMED,WOLF CREEK POND,SW13-53-16-W5,53.574507,-116.2285,RNTR,Trout Lodge/Jumpers,AF3N,20,750,20-May-20
VICTOR LAKE,,SW35-56-8-W6,53.882014,-119.090207,RNTR,Trout Lodge/Kamloops,AF3N,15.52,15000,10-Jun-20
WEST DOLLAR LAKE,,SE18-73-21-W5,55.317308,-117.209194,RNTR,Trout Lodge/Jumpers,AF3N,20.6,1000,19-May-20
WEST DOLLAR LAKE,,SE18-73-21-W5,55.317308,-117.209194,BNTR,Bow River,3N,19.2,250,19-May-20
WEST RIVERS EDGE POND,FORT LIONS PARK POND,NE23-54-23-W4,53.683219,-113.274136,RNTR,Trout Lodge/Jumpers,AF3N,20.08,1000,06-May-20
WEST RIVERS EDGE POND,FORT LIONS PARK POND,NE23-54-23-W4,53.683219,-113.274136,BNTR,Bow River,3N,20.45,250,06-May-20
WEST RIVERS EDGE POND,FORT LIONS PARK POND,NE23-54-23-W4,53.683219,-113.274136,RNTR,Trout Lodge/Kamloops,AF3N,20.72,1700,24-Jun-20
WEST RIVERS EDGE POND,FORT LIONS PARK POND,NE23-54-23-W4,53.683219,-113.274136,TGTR,Beitty/Bow River,3N,22.81,250,15-Sep-20
WHITERIDGE RECREATION AREA POND,BLUERIDGE PIT,SW1-60-10-W5,54.15613,-115.364319,RNTR,Trout Lodge/Jumpers,AF3N,20.6,2100,19-May-20
WILDHORSE LAKES,LOWER WILDHORSE LAKE,SW31-49-26-W5,53.269491,-117.792759,RNTR,Trout Lodge/Kamloops,AF3N,15.97,7500,01-Jun-20
WILDHORSE LAKES,UPPER WILDHORSE LAKE,SW31-49-26-W5,53.271338,-117.80152,BKTR,Beitty Resort,3N,9.35,2500,01-Jun-20
WINDSOR LAKE,,SW10-42-22-W4,52.595848,-113.093667,RNTR,Trout Lodge/Kamloops,AF3N,21.76,2000,05-May-20
WINDSOR LAKE,,SW10-42-22-W4,52.595848,-113.093667,RNTR,Trout Lodge/Kamloops,AF3N,20.72,1455,24-Jun-20
YELLOWHEAD LAKE,,SW33-34-6-W5,51.957774,-114.802334,BKTR,Beitty Resort,3N,20.2,3000,25-Jun-20
YELLOWHEAD LAKE,,SW33-34-6-W5,51.957774,-114.802334,BKTR,Beitty Resort,3N,9.94,4600,25-Jun-20
