Waterbody Official Name,Waterbody Common Name,ATS,Species,Strain*,Genotype**,Average Length (cm),Number Stocked,Stocking Date
Alford Lake,,SW4-36-8-W5,RNTR,Riverance,AF3N,14.4,1000,2023-09-18
Alford Lake,,SW4-36-8-W5,RNTR,Trout Lodge/Jumpers,AF3N,20,2000,2023-05-11
Allstones Lake,,NW30-38-17-W5,BKTR,Beitty Resort,3N,10.7,650,2023-09-07
Bear Pond,,NW36-14-4-W5,TGTR,Beitty/Bow River,3N,20.3,750,2023-06-13
Beauvais Lake,,SW29-5-1-W5,CTTR,Job Lake,3N,13.6,17000,2023-05-05
Beauvais Lake,,SW29-5-1-W5,CTTR,Job Lake,3N,17.5,5803,2023-09-13
Beaver Lake,,NE16-35-6-W5,TGTR,Beitty/Bow River,3N,23.2,1000,2023-09-15
Beaver Lake,,NE16-35-6-W5,RNTR,Trout Lodge/Kamloops,AF3N,17.4,1185,2023-05-12
Beaver Mines Lake,,NE11-5-3-W5,RNTR,Campbell Lake,3N,9.5,10000,2023-04-26
Beaver Mines Lake,,NE11-5-3-W5,RNTR,Trout Lodge/Kamloops,AF3N,17.1,10902,2023-04-26
Birch Lake,,SE18-35-6-W5,BKTR,Beitty Resort,3N,21.5,3000,2023-05-04
Birch Lake,,SE18-35-6-W5,BKTR,Beitty Resort,3N,11.3,5000,2023-09-15
Birch Lake,,SE18-35-6-W5,BNTR,Bow River,3N,18.6,500,2023-05-12
Birch Lake,,SE18-35-6-W5,RNTR,Trout Lodge/Kamloops,AF3N,17.4,1659,2023-05-12
Blood Indian Creek Reservoir,,SW28-26-9-W4,BNTR,Bow River,3N,18.7,2500,2023-05-03
Blood Indian Creek Reservoir,,SW28-26-9-W4,BNTR,Bow River,2N,33.1,310,2023-10-03
Blood Indian Creek Reservoir,,SW28-26-9-W4,RNTR,Campbell Lake,3N,20.2,30999,2023-05-02
Blood Indian Creek Reservoir,,SW28-26-9-W4,RNTR,Campbell Lake,2N,17.1,2500,2023-09-26
Blood Indian Creek Reservoir,,SW28-26-9-W4,RNTR,Pit Lake,2N,16.2,6975,2023-05-03
Blood Indian Creek Reservoir,,SW28-26-9-W4,TGTR,Beitty/Bow River,3N,19.9,4000,2023-05-03
Blood Indian Creek Reservoir,,SW28-26-9-W4,BNTR,Bow River,3N,10.5,4625,2023-10-03
Blood Indian Creek Reservoir,,SW28-26-9-W4,RNTR,Campbell Lake,2N,20.4,4389,2023-05-03
Blood Indian Creek Reservoir,,SW28-26-9-W4,RNTR,Campbell Lake,2N,17.1,2500,2023-09-27
Bonnyville Town Pond,Slawuta Lake,NW7-61-5-W4,RNTR,Trout Lodge/Jumpers,AF3N,20.5,500,2023-05-05
Butcher's Lake,,NW15-4-1-W5,BKTR,Beitty Resort,3N,20.7,2000,2023-05-10
Captain Eyre Lake,Capt Ayre,NW30-38-5-W4,TGTR,Beitty/Bow River,3N,19.9,2000,2023-05-03
Captain Eyre Lake,Capt Ayre,NW30-38-5-W4,RNTR,Campbell Lake,2N,20.3,1995,2023-05-03
Chain Lakes,Lower Chain Lake,NW7-69-23-W4,TGTR,Beitty/Bow River,3N,19.5,2000,2023-05-16
Chain Lakes,Lower Chain Lake,NW7-69-23-W4,RNTR,Campbell Lake,2N,8.7,5000,2023-05-09
Chain Lakes,Lower Chain Lake,NW7-69-23-W4,RNTR,Campbell Lake,2N,20.2,3192,2023-05-16
Chain Lakes,Lower Chain Lake,NW7-69-23-W4,RNTR,Campbell Lake,3N,17.9,1505,2023-09-21
Chain Lakes,Lower Chain Lake,NW7-69-23-W4,BNTR,Bow River,3N,18,1000,2023-05-16
Chain Lakes Reservoir,,NE4-15-2-W5,RNTR,Campbell Lake,3N,20.1,1705,2023-05-03
Chain Lakes Reservoir,,NE4-15-2-W5,RNTR,Campbell Lake,3N,8.7,25000,2023-05-29
Chain Lakes Reservoir,,NE4-15-2-W5,RNTR,Campbell Lake,3N,15.6,5000,2023-06-07
Chain Lakes Reservoir,,NE4-15-2-W5,RNTR,Campbell Lake,3N,15.6,20000,2023-09-21
Chain Lakes Reservoir,,NE4-15-2-W5,RNTR,Trout Lodge/Jumpers,AF3N,20.5,2020,2023-05-03
Chain Lakes Reservoir,,NE4-15-2-W5,RNTR,Campbell Lake,3N,20.1,2750,2023-05-03
Chain Lakes Reservoir,,NE4-15-2-W5,RNTR,Campbell Lake,3N,13.1,10000,2023-06-07
Chain Lakes Reservoir,,NE4-15-2-W5,RNTR,Riverance,AF3N,13.4,10000,2023-09-11
Chain Lakes Reservoir,,NE4-15-2-W5,RNTR,Riverance,AF3N,14.9,8235,2023-09-21
Chain Lakes Reservoir,,NE4-15-2-W5,RNTR,Trout Lodge/Kamloops,AF3N,17.7,13746,2023-05-03
Chain Lakes Reservoir,,NE4-15-2-W5,RNTR,Trout Lodge/Kamloops,AF3N,20.1,5500,2023-09-11
Champion Lakes,Lower Champion Lake,NW26-21-5-W5,CTTR,Job Lake,3N,14.5,300,2023-06-13
Champion Lakes,Upper Champion Lake,NW26-21-5-W5,CTTR,Job Lake,3N,14.5,300,2023-06-13
Chatwin Lake,,NE4-61-6-W4,RNTR,Campbell Lake,2N,8.9,3340,2023-05-25
Chatwin Lake,,NE4-61-6-W4,RNTR,Campbell Lake,3N,8,2660,2023-05-25
Chatwin Lake,,NE4-61-6-W4,RNTR,Pit Lake,2N,16,1734,2023-05-19
Chatwin Lake,,NE4-61-6-W4,RNTR,Trout Lodge/Kamloops,AF2N,17.4,2674,2023-05-19
Chickakoo Lake,Chickako Lake,SW34-53-1-W5,RNTR,Campbell Lake,2N,19.9,3990,2023-05-10
Chrystina Lake,,NW8-67-8-W5,BKTR,Beitty Resort,3N,21.4,1523,2023-06-07
Claude N. Brennan Memorial Pond,Vermilion Park Pond,NE36-50-7-W4,RNTR,Trout Lodge/Kamloops,AF3N,20.5,1250,2023-05-19
Cow Lake,,NE12-38-8-W5,BNTR,Bow River,3N,18.2,1100,2023-05-15
Cow Lake,,NE12-38-8-W5,BNTR,Bow River,3N,8.3,18000,2023-09-18
Cow Lake,,NE12-38-8-W5,RNTR,Campbell Lake,3N,9.1,60000,2023-05-11
Cow Lake,,NE12-38-8-W5,RNTR,Campbell Lake,3N,7.2,13350,2023-05-30
Cow Lake,,NE12-38-8-W5,RNTR,Campbell Lake,2N,17.1,9800,2023-09-19
Cow Lake,,NE12-38-8-W5,RNTR,Campbell Lake,3N,15.7,2500,2023-09-19
Cow Lake,,NE12-38-8-W5,RNTR,Campbell Lake,3N,15.7,2500,2023-09-20
Cow Lake,,NE12-38-8-W5,RNTR,Campbell Lake,2N,17.1,1613,2023-09-28
Cow Lake,,NE12-38-8-W5,RNTR,Riverance,AF3N,14.1,5000,2023-09-18
Cow Lake,,NE12-38-8-W5,RNTR,Trout Lodge/Kamloops,AF2N,17.5,12000,2023-05-15
Cow Lake,,NE12-38-8-W5,RNTR,Trout Lodge/Kamloops,AF2N,17.4,12662,2023-05-15
Cow Lake,,NE12-38-8-W5,RNTR,Trout Lodge/Kamloops,AF2N,17.9,5166,2023-06-05
Crowsnest Lake,,NE8-8-5-W5,CTTR,Job Lake,3N,15.5,3000,2023-05-01
Crowsnest Lake,,NE8-8-5-W5,CTTR,Job Lake,3N,13.3,5000,2023-05-05
Crowsnest Lake,,NE8-8-5-W5,CTTR,Job Lake,3N,16,3000,2023-05-25
Dillberry Lake,,NE36-41-1-W4,TGTR,Beitty/Bow River,3N,20,2000,2023-05-04
Dillberry Lake,,NE36-41-1-W4,TGTR,Beitty/Bow River,3N,9.1,4000,2023-09-19
Dillberry Lake,,NE36-41-1-W4,RNTR,Campbell Lake,2N,20.3,3990,2023-05-04
Dillberry Lake,,NE36-41-1-W4,RNTR,Pit Lake,2N,16.3,4650,2023-05-04
Dolberg Lake,,SE1-60-8-W5,RNTR,Campbell Lake,2N,20.2,3192,2023-05-05
Dolberg Lake,,SE1-60-8-W5,RNTR,Campbell Lake,2N,9.5,5000,2023-05-23
Dunn Lake,,NW7-54-25-W5,BKTR,Beitty Resort,3N,22.5,2000,2023-10-06
Eagle Lake,,SW11-32-11-W5,CTTR,Job Lake,3N,16.7,1500,2023-09-07
East Dollar Lake,,NW8-73-21-W5,TGTR,Beitty/Bow River,3N,20,300,2023-05-09
East Dollar Lake,,NW8-73-21-W5,BNTR,Bow River,3N,18.6,500,2023-05-09
East Dollar Lake,,NW8-73-21-W5,RNTR,Trout Lodge/Jumpers,AF3N,20.5,1506,2023-05-09
Edith Lake,,NE13-67-10-W5,BKTR,Beitty Resort,3N,21.4,1550,2023-06-06
Emerald Lake,,SW5-62-11-W5,BKTR,Beitty Resort,3N,23.4,1800,2023-10-06
Emerson Lake,,SW5-19-28-W4,BNTR,Bow River,3N,18.7,200,2023-04-24
Emerson Lake,,SW5-19-28-W4,RNTR,Trout Lodge/Jumpers,AF3N,20.9,1400,2023-04-24
Emerson Lake,,SW5-19-28-W4,RNTR,Trout Lodge/Kamloops,AF3N,20.5,1500,2023-05-16
Emerson Lakes,,NW6-55-21-W5,RNTR,Trout Lodge/Kamloops,AF3N,17.6,1067,2023-05-23
Engstrom Lake,,NW17-83-6-W4,RNTR,Campbell Lake,3N,9,20000,2023-05-17
Engstrom Lake,,NW17-83-6-W4,RNTR,Campbell Lake,3N,15.8,10002,2023-09-12
Engstrom Lake,,NW17-83-6-W4,RNTR,Trout Lodge/Kamloops,AF3N,16.9,11539,2023-05-17
Fairfax Lake,,NW17-46-18-W5,RNTR,Trout Lodge/Kamloops,AF3N,17.6,4740,2023-05-23
Goldeye Lake,,NE14-40-16-W5,RNTR,Campbell Lake,3N,8.9,5000,2023-05-15
Goldeye Lake,,NE14-40-16-W5,RNTR,Riverance,AF3N,13.4,5000,2023-09-12
Goldeye Lake,,NE14-40-16-W5,RNTR,Trout Lodge/Kamloops,AF3N,17.8,4740,2023-05-16
Grande Cache Lake,,NE1-57-8-W6,RNTR,Campbell Lake,3N,9.6,20000,2023-05-15
Grande Cache Lake,,NE1-57-8-W6,RNTR,Campbell Lake,3N,14.8,5001,2023-09-12
Grande Cache Lake,,NE1-57-8-W6,RNTR,Trout Lodge/Kamloops,AF3N,17.6,8332,2023-05-30
"Grotto Mountain
Pond",,NW21-24-9-W5,RNTR,Trout Lodge/Jumpers,AF3N,22.3,800,2023-07-12
Grotto Mountain Pond,,NW21-24-9-W5,RNTR,Trout Lodge/Jumpers,AF3N,21.8,803,2023-05-19
Grotto Mountain Pond,,NW21-24-9-W5,RNTR,Trout Lodge/Jumpers,AF3N,21.3,800,2023-06-12
Hasse Lake,,SW13-52-2-W5,TGTR,Beitty/Bow River,3N,19.6,500,2023-05-09
Hasse Lake,,SW13-52-2-W5,RNTR,Campbell Lake,3N,8.9,6000,2023-05-08
Hasse Lake,,SW13-52-2-W5,RNTR,Campbell Lake,2N,19.9,1995,2023-05-09
Hasse Lake,,SW13-52-2-W5,RNTR,Trout Lodge/Kamloops,AF2N,17.4,2083,2023-05-09
Hinton F & G Pond,Hinton Borrow Pit,SW28-50-25-W5,RNTR,Trout Lodge/Jumpers,AF3N,20.7,151,2023-05-30
Ironside Pond,,SW7-38-7-W5,TGTR,Beitty/Bow River,3N,23.1,400,2023-09-18
Ironside Pond,,SW7-38-7-W5,RNTR,Trout Lodge/Jumpers,AF3N,21.5,251,2023-05-15
Island Lake,,NW12-8-6-W5,CTTR,Job Lake,3N,15.5,1900,2023-05-02
Jack Fish Lake,,NW20-53-9-W4,TGTR,Beitty/Bow River,3N,19.9,1000,2023-05-03
Jack Fish Lake,,NW20-53-9-W4,RNTR,Campbell Lake,2N,20.1,1995,2023-05-03
Jack Fish Lake,,NW20-53-9-W4,RNTR,Campbell Lake,3N,8.9,8000,2023-05-04
Kakut Lake,,SW34-76-4-W6,RNTR,Trout Lodge/Jumpers,AF3N,19.9,753,2023-05-10
Kinky Lake,,SE6-50-26-W5,BKTR,Beitty Resort,3N,19.8,5000,2023-05-25
Kinky Lake,,SE6-50-26-W5,BKTR,Beitty Resort,3N,21.4,2000,2023-06-06
Kinky Lake,,SE6-50-26-W5,BKTR,Beitty Resort,3N,22.5,1500,2023-10-06
Lac La Biche Trout Pond,Alexander Hamilton Pond,NW5-67-13-W4,RNTR,Campbell Lake,2N,20,239,2023-05-12
Lac La Biche Trout Pond,Alexander Hamilton Pond,NW5-67-13-W4,RNTR,Trout Lodge/Jumpers,AF3N,20.6,310,2023-09-21
Lambert Pond,,NW8-53-17-W5,RNTR,Trout Lodge/Kamloops,AF3N,17.8,948,2023-05-23
Landslide Lake,,NE7-36-18-W5,CTTR,Job Lake,3N,17.2,5750,2023-09-07
Lees Lake,,SW8-7-2-W5,BNTR,Bow River,3N,18.7,1000,2023-04-24
Lees Lake,,SW8-7-2-W5,RNTR,Campbell Lake,3N,9.5,10000,2023-04-26
Lees Lake,,SW8-7-2-W5,RNTR,Riverance,AF3N,13.4,10000,2023-09-05
Lees Lake,,SW8-7-2-W5,RNTR,Trout Lodge/Jumpers,AF3N,20.7,5020,2023-04-24
Lees Lake,,SW8-7-2-W5,RNTR,Trout Lodge/Kamloops,AF3N,17.2,4740,2023-04-24
Lily Lake,,NW7-75-5-W5,BKTR,Beitty Resort,3N,12.1,3660,2023-10-11
Lily Lake,,NW7-75-5-W5,TGTR,Beitty/Bow River,3N,24.2,325,2023-10-11
Little Bear Lake,Hasse Lake,NW19-64-2-W4,BKTR,Beitty Resort,3N,21,2700,2023-06-07
Little Bear Lake,Hasse Lake,NW19-64-2-W4,BKTR,Beitty Resort,3N,11.7,7000,2023-09-19
Little Bear Lake,Hasse Lake,NW19-64-2-W4,TGTR,Beitty/Bow River,3N,19.5,1500,2023-05-12
Little Bear Lake,Hasse Lake,NW19-64-2-W4,TGTR,Beitty/Bow River,3N,9.1,2500,2023-09-19
Little Bear Lake,Hasse Lake,NW19-64-2-W4,RNTR,Campbell Lake,2N,20.1,1995,2023-05-12
Little Bear Lake,Hasse Lake,NW19-64-2-W4,RNTR,Pit Lake,2N,16,2325,2023-05-12
Little Bear Lake,Hasse Lake,NW19-64-2-W4,RNTR,Riverance,AF3N,14.4,5000,2023-09-18
Margaret Lake,,NW15-28-9-W5,CTTR,Job Lake,3N,14.6,3067,2023-06-12
Marigold Lake,,NW32-65-11-W5,BKTR,Beitty Resort,3N,12.1,7000,2023-10-11
Mary Gregg Lake,,NW4-48-24-W5,RNTR,Trout Lodge/Kamloops,AF3N,19.8,1896,2023-09-08
Mclean Pond,,NW20-22-5-W5,RNTR,Trout Lodge/Jumpers,AF3N,21.8,1807,2023-05-19
Mclean Pond,,NW20-22-5-W5,RNTR,Trout Lodge/Jumpers,AF3N,21.3,2750,2023-06-13
Mcleod Lake,Carson Lake,SE25-61-12-W5,RNTR,Campbell Lake,3N,20.4,10113,2023-05-16
Mcleod Lake,Carson Lake,SE25-61-12-W5,RNTR,Campbell Lake,3N,20.1,8922,2023-05-17
Mcleod Lake,Carson Lake,SE25-61-12-W5,RNTR,Campbell Lake,3N,8.3,25000,2023-05-23
Mcleod Lake,Carson Lake,SE25-61-12-W5,RNTR,Campbell Lake,3N,6.9,12100,2023-05-30
Mcleod Lake,Carson Lake,SE25-61-12-W5,RNTR,Campbell Lake,3N,15.1,18154,2023-09-14
Mcleod Lake,Carson Lake,SE25-61-12-W5,RNTR,Campbell Lake,3N,14.4,32741,2023-09-26
Mcleod Lake,Carson Lake,SE25-61-12-W5,RNTR,Trout Lodge/Jumpers,AF3N,18.4,7402,2023-09-14
Mcleod Lake,Carson Lake,SE25-61-12-W5,RNTR,Trout Lodge/Kamloops,AF3N,17.5,23700,2023-05-12
Mcleod Lake,Carson Lake,SE25-61-12-W5,RNTR,Trout Lodge/Kamloops,AF3N,17.7,2653,2023-09-26
Mcleod Lake,Carson Lake,SE25-61-12-W5,RNTR,Trout Lodge/Kamloops,AF3N,20.7,201,2023-09-26
Medley River,,SE11-65-2-W4,RNTR,Trout Lodge/Jumpers,AF3N,21.3,753,2023-05-25
Michel Reservoir,Michel Creek Reservoir,NE5-7-3-W4,BNTR,Bow River,3N,18.3,1500,2023-05-08
Michel Reservoir,Michel Creek Reservoir,NE5-7-3-W4,BNTR,Bow River,3N,10.1,4625,2023-09-22
Michel Reservoir,Michel Creek Reservoir,NE5-7-3-W4,BNTR,Bow River,2N,31.5,325,2023-09-22
Michel Reservoir,Michel Creek Reservoir,NE5-7-3-W4,RNTR,Campbell Lake,2N,20.1,2933,2023-05-08
Michichi Reservoir,,SW19-30-18-W4,RNTR,Trout Lodge/Jumpers,AF3N,20.3,2811,2023-05-01
Millers Lake,,SW8-53-19-W5,TGTR,Beitty/Bow River,3N,23.4,1683,2023-09-25
Millers Lake,,SW8-53-19-W5,RNTR,Campbell Lake,3N,8.8,5000,2023-05-16
Millers Lake,,SW8-53-19-W5,RNTR,Campbell Lake,3N,20.7,5296,2023-05-23
Mitchell Lake,,NE25-37-8-W5,TGTR,Beitty/Bow River,3N,24.1,1000,2023-09-15
Mitchell Lake,,NE25-37-8-W5,TGTR,Beitty/Bow River,3N,9.8,400,2023-09-15
Mitchell Lake,,NE25-37-8-W5,BNTR,Bow River,3N,17.9,500,2023-05-17
Mitchell Lake,,NE25-37-8-W5,RNTR,Campbell Lake,3N,19.9,810,2023-05-17
Mitchell Lake,,NE25-37-8-W5,RNTR,Riverance,AF3N,14.6,1000,2023-09-15
Mitchell Pond,Waskasoo Park Pond,NW18-38-27-W4,RNTR,Trout Lodge/Kamloops,AF3N,20.1,1000,2023-06-15
Mitchell Pond,Waskasoo Park Pond,NW18-38-27-W4,RNTR,Trout Lodge/Kamloops,AF3N,20.5,1500,2023-05-10
Montaganeusse Lake,Stoney Lake,NE31-86-3-W6,RNTR,Trout Lodge/Kamloops,AF2N,17.9,4166,2023-05-29
Montaganeusse Lake,Stoney Lake,NE31-86-3-W6,TGTR,Beitty/Bow River,3N,20.3,1975,2023-05-29
Moonshine Lake,Mirage Lake,SE31-79-8-W6,TGTR,Beitty/Bow River,3N,23.4,1794,2023-09-26
Moonshine Lake,Mirage Lake,SE31-79-8-W6,BNTR,Bow River,3N,18,500,2023-05-10
Moonshine Lake,Mirage Lake,SE31-79-8-W6,BNTR,Bow River,3N,20.8,500,2023-09-26
Moonshine Lake,Mirage Lake,SE31-79-8-W6,RNTR,Trout Lodge/Kamloops,AF3N,17.5,4408,2023-05-10
Mount Lorette Ponds,,SW19-23-8-W5,RNTR,Trout Lodge/Jumpers,AF3N,21.4,800,2023-06-29
Mount Lorette Ponds,,SW19-23-8-W5,RNTR,Trout Lodge/Jumpers,AF3N,22.6,800,2023-07-25
Mount Lorette Ponds,,SW19-23-8-W5,RNTR,Trout Lodge/Jumpers,AF3N,23.1,800,2023-08-10
Mount Lorette Ponds,,SW19-23-8-W5,RNTR,Trout Lodge/Jumpers,AF3N,21.8,402,2023-05-19
Mount Lorette Ponds,,SW19-23-8-W5,RNTR,Trout Lodge/Jumpers,AF3N,21.3,800,2023-06-12
Mount Lorette Ponds,,SW19-23-8-W5,RNTR,Trout Lodge/Jumpers,AF3N,22.3,800,2023-07-12
Muir Lake,,NW32-53-27-W4,BNTR,Bow River,AF3N,18.2,500,2023-05-11
Muir Lake,,NW32-53-27-W4,RNTR,Trout Lodge/Jumpers,3N,19.9,1506,2023-05-11
Muskiki Lake,,NW5-45-20-W5,CTTR,Job Lake,3N,13.5,5000,2023-06-02
Muskiki Lake,,NW5-45-20-W5,CTTR,Job Lake,3N,17.1,3000,2023-09-06
Niemela Reservoir,Ray's Pond,SE1-39-3-W5,TGTR,Beitty/Bow River,3N,19.9,250,2023-05-03
Niemela Reservoir,Ray's Pond,SE1-39-3-W5,RNTR,Trout Lodge/Kamloops,AF3N,20.5,2570,2023-05-03
Obed Lake,,SW11-53-22-W5,BNTR,Bow River,3N,19.1,5500,2023-05-30
Obed Lake,,SW11-53-22-W5,BNTR,Bow River,3N,9.1,12000,2023-09-25
Obed Lake,,SW11-53-22-W5,BNTR,Bow River,3N,20.8,1861,2023-09-25
Ole Lake,,NW30-84-12-W6,RNTR,Trout Lodge/Jumpers,AF3N,19.9,1506,2023-05-10
Outpost Lake,Police Lake,NE6-1-26-W4,RNTR,Campbell Lake,2N,27,280,2023-05-11
Outpost Lake,Police Lake,NE6-1-26-W4,RNTR,Campbell Lake,2N,45,25,2023-05-15
Outpost Lake,Police Lake,NE6-1-26-W4,RNTR,Campbell Lake,2N,35,50,2023-05-15
Outpost Lake,Police Lake,NE6-1-26-W4,RNTR,Pit Lake,2N,45,25,2023-05-11
Outpost Lake,Police Lake,NE6-1-26-W4,RNTR,Trout Lodge/Jumpers,AF3N,20.5,7500,2023-05-03
Parker Lake,,SE25-70-5-W5,BKTR,Beitty Resort,3N,12.1,2700,2023-10-11
Parlby Reservoir,Tees Fish Pond,NE25-40-24-W4,RNTR,Trout Lodge/Kamloops,AF3N,20.5,400,2023-05-10
Payne Lake,Mami Lake,NE10-2-28-W4,RNTR,Campbell Lake,3N,9.4,90309,2023-05-02
Payne Lake,Mami Lake,NE10-2-28-W4,RNTR,Campbell Lake,3N,13.1,20000,2023-06-07
Payne Lake,Mami Lake,NE10-2-28-W4,RNTR,Campbell Lake,3N,15.6,5000,2023-06-07
Payne Lake,Mami Lake,NE10-2-28-W4,RNTR,Campbell Lake,3N,15.8,20000,2023-09-27
Payne Lake,Mami Lake,NE10-2-28-W4,RNTR,Riverance,AF3N,15.5,22350,2023-09-20
Payne Lake,Mami Lake,NE10-2-28-W4,RNTR,Riverance,AF3N,15.5,3155,2023-09-20
Payne Lake,Mami Lake,NE10-2-28-W4,RNTR,Riverance,AF3N,15.5,16773,2023-09-21
Payne Lake,Mami Lake,NE10-2-28-W4,RNTR,Riverance,AF3N,15.5,11148,2023-09-21
Payne Lake,Mami Lake,NE10-2-28-W4,RNTR,Trout Lodge/Jumpers,AF3N,20,581,2023-04-25
Payne Lake,Mami Lake,NE10-2-28-W4,RNTR,Trout Lodge/Jumpers,AF3N,21.7,8455,2023-04-25
Payne Lake,Mami Lake,NE10-2-28-W4,RNTR,Trout Lodge/Jumpers,AF3N,24.8,2603,2023-09-22
Payne Lake,Mami Lake,NE10-2-28-W4,RNTR,Trout Lodge/Kamloops,AF3N,17.3,14220,2023-04-25
Payne Lake,Mami Lake,NE10-2-28-W4,RNTR,Trout Lodge/Kamloops,AF3N,20.5,6439,2023-09-21
Payne Lake,Mami Lake,NE10-2-28-W4,RNTR,Trout Lodge/Kamloops,AF3N,20.5,2930,2023-09-22
Peanut Lake,,NE15-58-3-W5,BKTR,Beitty Resort,3N,22.8,500,2023-09-27
Peanut Lake,,NE15-58-3-W5,BKTR,Beitty Resort,3N,11.6,8000,2023-09-27
Peanut Lake,,NE15-58-3-W5,RNTR,Campbell Lake,3N,18.1,4029,2023-09-27
Peppers Lake,,NW30-35-12-W5,BKTR,Beitty Resort,3N,20.7,3000,2023-05-12
Peppers Lake,,NW30-35-12-W5,BKTR,Beitty Resort,3N,11.3,5000,2023-09-15
Peppers Lake,,NW30-35-12-W5,RNTR,Riverance,AF3N,14.1,1000,2023-09-15
Peppers Lake,,NW30-35-12-W5,RNTR,Trout Lodge/Jumpers,AF3N,21,1406,2023-05-17
Petite Lake,,NW12-54-26-W5,RNTR,Trout Lodge/Kamloops,AF3N,18,948,2023-05-30
Phyllis Lake,,SE17-36-7-W5,RNTR,Campbell Lake,3N,9.1,7500,2023-05-08
Phyllis Lake,,SE17-36-7-W5,RNTR,Campbell Lake,3N,19.6,4050,2023-05-11
Phyllis Lake,,SE17-36-7-W5,RNTR,Riverance,AF3N,14.4,7500,2023-09-18
Pierre Greys Lakes,Lower Pierre Greys Lake,SE12-57-5-W6,RNTR,Trout Lodge/Kamloops,AF3N,17.6,1365,2023-05-25
Pierre Greys Lakes,Lower Pierre Greys Lake,SE12-57-5-W6,RNTR,Trout Lodge/Kamloops,AF3N,17.8,1953,2023-05-25
Pierre Greys Lakes,Middle Pierre Greys Lake,NW6-57-4-W6,RNTR,Trout Lodge/Kamloops,AF3N,17.5,7110,2023-05-25
Pierre Greys Lakes,Upper Pierre Greys Lakes,SW7-57-4-W6,BKTR,Beitty Resort,3N,20.2,6000,2023-05-25
Pierre Greys Lakes,Upper Pierre Greys Lakes,SW7-57-4-W6,BKTR,Beitty Resort,3N,10.9,8000,2023-09-08
Rainbow Park Pond,Westlock Recreation Pond,NE31-59-25-W4,RNTR,Trout Lodge/Kamloops,AF3N,22.3,252,2023-09-29
Rat Lake,,SW11-38-9-W5,TGTR,Beitty/Bow River,3N,22.5,500,2023-09-06
Rat Lake,,SW11-38-9-W5,TGTR,Beitty/Bow River,3N,9.3,400,2023-09-06
Rawson Lake,,SW11-19-9-W5,CTTR,Allison Creek,2N,28.6,800,2023-09-06
Rawson Lake,,SW11-19-9-W5,CTTR,Allison Creek,2N,16.8,700,2023-09-06
Reesor Lake,,NW20-8-1-W4,TGTR,Beitty/Bow River,3N,9.2,3000,2023-09-14
Reesor Lake,,NW20-8-1-W4,TGTR,Beitty/Bow River,3N,37.6,280,2023-09-22
Reesor Lake,,NW20-8-1-W4,RNTR,Campbell Lake,2N,20,6384,2023-05-08
Reesor Lake,,NW20-8-1-W4,RNTR,Campbell Lake,2N,8.2,10000,2023-05-17
Reesor Lake,,NW20-8-1-W4,RNTR,Pit Lakes,2N,54.1,50,2023-09-22
Reesor Lake,,NW20-8-1-W4,RNTR,Pit Lakes,2N,22.8,3090,2023-09-22
Reesor Lake,,NW20-8-1-W4,RNTR,Riverance,AF3N,14.3,10000,2023-09-14
Rocky Children's Pond,,SW33-39-7-W5,RNTR,Trout Lodge/Jumpers,AF3N,24.6,250,2023-08-24
Rocky Children's Pond,,SW33-39-7-W5,RNTR,Trout Lodge/Kamloops,AF3N,20.3,500,2023-06-05
Rocky Children's Pond,,SW33-39-7-W5,RNTR,Trout Lodge/Jumpers,AF3N,21.2,500,2023-05-12
Running Lake,,SW34-88-7-W6,BKTR,Beitty Resort,3N,21,3000,2023-06-07
Salter's Lake,,SW26-54-2-W5,TGTR,Beitty/Bow River,3N,20,2000,2023-05-10
Salter's Lake,,SW26-54-2-W5,RNTR,Campbell Lake,2N,20,2993,2023-05-10
Salter's Lake,,SW26-54-2-W5,RNTR,Campbell Lake,3N,18.1,1504,2023-09-27
Sardine Lake,,SW5-49-4-W5,RNTR,Campbell Lake,3N,19.9,1013,2023-05-17
Sauer Lake,,NE28-53-1-W5,RNTR,Pit Lake,2N,15.9,2790,2023-05-10
Schuman Lake,,SE35-61-8-W5,TGTR,Beitty/Bow River,3N,20.5,500,2023-05-30
Schuman Lake,,SE35-61-8-W5,RNTR,Campbell Lake,3N,8.8,10000,2023-05-23
Schuman Lake,,SE35-61-8-W5,RNTR,Campbell Lake,2N,19.9,3791,2023-05-30
Schuman Lake,,SE35-61-8-W5,RNTR,Pit Lake,2N,16.5,900,2023-05-30
Shunda Lake,Fish Lake,SW19-40-15-W5,RNTR,Campbell Lake,3N,8.9,10000,2023-05-15
Shunda Lake,Fish Lake,SW19-40-15-W5,RNTR,Campbell Lake,3N,20,4860,2023-05-16
Shunda Lake,Fish Lake,SW19-40-15-W5,RNTR,Riverance,AF3N,13.3,7500,2023-09-07
Shunda Lake,Fish Lake,SW19-40-15-W5,RNTR,Trout Lodge/Kamloops,AF3N,17.8,3792,2023-05-16
Sibbald Meadows Pond,,SW20-24-7-W5,RNTR,Trout Lodge/Jumpers,AF3N,21.8,1004,2023-05-19
Sibbald Meadows Pond,,SW20-24-7-W5,RNTR,Trout Lodge/Jumpers,AF3N,21.3,1500,2023-06-13
Sparrow's Egg Lake,,NW6-20-8-W5,CTTR,Job Lake,3N,14.6,900,2023-06-12
Spring Lake,Cottage,SW30-52-1-W5,TGTR,Beitty/Bow River,3N,19.5,1500,2023-05-09
Spring Lake,Cottage,SW30-52-1-W5,BNTR,Bow River,3N,18.4,500,2023-05-09
Spring Lake,Cottage,SW30-52-1-W5,RNTR,Campbell Lake,2N,19.9,3990,2023-05-09
Spring Lake,Cottage,SW30-52-1-W5,RNTR,Trout Lodge/Jumpers,AF3N,16.5,4507,2023-09-21
Spruce Coulee Reservoir,,SW26-8-2-W4,BKTR,Beitty Resort,3N,17.1,6000,2023-05-08
Spruce Coulee Reservoir,,SW26-8-2-W4,BKTR,Beitty Resort,3N,11.5,11000,2023-09-14
Star Lake,,NE19-52-2-W5,TGTR,Beitty/Bow River,3N,19.5,1000,2023-05-09
Star Lake,,NE19-52-2-W5,BNTR,Bow River,3N,18.6,500,2023-05-09
Star Lake,,NE19-52-2-W5,RNTR,Campbell Lake,2N,19.9,3208,2023-05-09
Strubel Lake,,SW30-37-7-W5,RNTR,Campbell Lake,3N,8.9,10000,2023-05-08
Strubel Lake,,SW30-37-7-W5,RNTR,Campbell Lake,3N,19.9,2511,2023-05-17
Strubel Lake,,SW30-37-7-W5,RNTR,Trout Lodge/Kamloops,AF3N,17.8,6067,2023-05-17
Sulphur Lake,,NW7-89-2-W6,BKTR,Beitty Resort,3N,22.1,3500,2023-06-07
Swan Lake,,SW18-70-25-W5,RNTR,Campbell Lake,3N,17.5,3729,2023-09-19
Swan Lake,,SW18-70-25-W5,RNTR,Campbell Lake,3N,15.4,2430,2023-09-19
Swan Lake,,SW18-70-25-W5,RNTR,Trout Lodge/Kamloops,AF3N,17.3,7110,2023-05-18
Swan Lake,,SW18-70-25-W5,RNTR,Trout Lodge/Kamloops,AF3N,20.4,6000,2023-09-19
Tay Lake,,SW5-36-8-W5,RNTR,Trout Lodge/Kamloops,AF3N,18.3,2370,2023-06-15
Twin Lakes,East Twin Lake,NE29-97-22-W5,TGTR,Beitty/Bow River,3N,20.4,1000,2023-05-24
Twin Lakes,East Twin Lake,NE29-97-22-W5,RNTR,Campbell Lake,3N,20.2,702,2023-05-24
Twin Lakes,East Twin Lake,NE29-97-22-W5,RNTR,Campbell Lake,2N,20.2,974,2023-05-24
Twin Lakes,,SW6-40-7-W5,RNTR,Campbell Lake,3N,19.5,2835,2023-05-12
Twin Lakes,,SW6-40-7-W5,RNTR,Campbell Lake,3N,8.4,4000,2023-05-23
Twin Lakes,,SW6-40-7-W5,RNTR,Campbell Lake,2N,30.1,250,2023-10-04
Two Lakes,North Two Lake,NE20-62-12-W6,RNTR,Trout Lodge/Kamloops,AF3N,17.8,3413,2023-06-01
Two Lakes,South Two Lake,NE7-62-12-W6,CTTR,Job Lake,3N,13.7,5000,2023-06-01
Two Lakes,South Two Lake,NE7-62-12-W6,CTTR,Job Lake,3N,17.7,3000,2023-09-13
Unnamed,Acadia Valley Reservoir,SW5-25-2-W4,BKTR,Beitty Resort,3N,20.7,2000,2023-05-11
Unnamed,Acadia Valley Reservoir,SW5-25-2-W4,RNTR,Campbell Lake,2N,20.2,1995,2023-05-05
Unnamed,Allison Lake,SW27-8-5-W5,CTTR,Job Lake,3N,16,3740,2023-05-17
Unnamed,Anderson Dam,SW25-28-21-W4,RNTR,Trout Lodge/Kamloops,AF3N,20.5,1000,2023-05-01
Unnamed,Ardmore Community Pond,NW1-62-4-W4,RNTR,Campbell Lake,2N,20.2,160,2023-05-05
Unnamed,Ashland Reservoir,NW17-48-3-W5,RNTR,Campbell Lake,2N,8.3,4000,2023-05-08
Unnamed,Ashland Reservoir,NW17-48-3-W5,RNTR,Campbell Lake,2N,20.1,3192,2023-05-12
Unnamed,Atlantic Richfield Reservoir,NE29-67-9-W5,RNTR,Campbell Lake,3N,17.1,1802,2023-09-12
Unnamed,Atlantic Richfield Reservoir,NE29-67-9-W5,RNTR,Trout Lodge/Jumpers,AF3N,25.6,900,2023-09-19
Unnamed,Bashaw Pond,SE4-42-21-W4,BKTR,Beitty Resort,3N,19.7,200,2023-05-04
Unnamed,Bashaw Pond,SE4-42-21-W4,RNTR,Trout Lodge/Jumpers,AF3N,20,500,2023-05-04
Unnamed,Bathing Lake,SE11-4-1-W5,CTTR,Job Lake,3N,15.5,775,2023-05-03
Unnamed,Beaumont Pond,NW27-50-24-W4,TGTR,Beitty/Bow River,3N,19.6,200,2023-05-02
Unnamed,Beaumont Pond,NW27-50-24-W4,BNTR,Bow River,3N,18.9,241,2023-05-02
Unnamed,Beaumont Pond,NW27-50-24-W4,RNTR,Trout Lodge/Kamloops,AF3N,20.5,2000,2023-05-10
Unnamed,"Bellis Beach
Lake",SE15-59-15-W4,RNTR,Campbell Lake,2N,20,5586,2023-05-18
Unnamed,Big Iron Lake,NW1-15-4-W5,TGTR,Beitty/Bow River,3N,20.3,750,2023-06-13
Unnamed,"Black Nugget
Mine Pit",NW11-49-18-W4,TGTR,Beitty/Bow River,3N,19.9,5000,2023-05-02
Unnamed,Black Nugget Mine Pit,NW11-49-18-W4,RNTR,Campbell Lake,2N,20.1,4988,2023-05-02
Unnamed,Boulder Lake,NE18-39-27-W4,TGTR,Beitty/Bow River,3N,19.9,200,2023-05-03
Unnamed,Boulder Lake,NE18-39-27-W4,RNTR,Trout Lodge/Kamloops,AF3N,20.5,2000,2023-05-03
Unnamed,Boulder Lake,NE18-39-27-W4,RNTR,Trout Lodge/Kamloops,AF3N,30,90,2023-05-03
Unnamed,Boulder Lake,NE18-39-27-W4,RNTR,Trout Lodge/Kamloops,AF3N,20.1,1500,2023-06-15
Unnamed,Boulder Lake,NE18-39-27-W4,RNTR,Trout Lodge/Kamloops,AF3N,21.3,812,2023-09-21
Unnamed,Bow City East Ponds,NE15-17-17-W4,RNTR,Trout Lodge/Kamloops,AF3N,21.7,2000,2023-04-24
Unnamed,Boyle Pond,NE16-64-19-W4,RNTR,Trout Lodge/Jumpers,AF3N,20.5,2200,2023-05-05
Unnamed,"Brazeau Borrow
Pit #1",SE32-45-10-W5,RNTR,Trout Lodge/Jumpers,AF3N,20,753,2023-05-25
Unnamed,Brazeau Borrow Pit #2,SW2-46-11-W5,RNTR,Trout Lodge/Jumpers,AF3N,20,251,2023-05-25
Unnamed,"Brooks
Aquaduct Pond",NE15-18-14-W4,RNTR,Campbell Lake,2N,20.2,3990,2023-04-26
Unnamed,Brooks Aquaduct Pond,NE15-18-14-W4,RNTR,Campbell Lake,2N,7.4,10000,2023-04-26
Unnamed,Bud Miller Park Pond,NE26-49-1-W4,RNTR,Trout Lodge/Jumpers,AF3N,20.3,1500,2023-05-05
Unnamed,Burmis Lake,SE14-7-3-W5,CTTR,Job Lake,3N,15.5,1000,2023-04-25
Unnamed,Burn's Reservoir,NE23-6-30-W4,CTTR,Job Lake,3N,15.5,1000,2023-04-26
Unnamed,"By The Lake
Park",SW22-46-24-W4,RNTR,Campbell Lake,2N,20,1995,2023-05-04
Unnamed,By The Lake Park,SW22-46-24-W4,RNTR,Campbell Lake,2N,8.3,3000,2023-05-08
Unnamed,"Camp 9 Trout
Pond",NE32-44-8-W5,RNTR,Trout Lodge/Jumpers,AF3N,20,251,2023-05-26
Unnamed,"Cardiff Park
Pond",SW24-55-25-W4,BNTR,Bow River,3N,18.6,500,2023-05-12
Unnamed,"Cardiff Park
Pond",SW24-55-25-W4,RNTR,Campbell Lake,2N,20,4589,2023-05-09
Unnamed,"Cardiff Park
Pond",SW24-55-25-W4,RNTR,Campbell Lake,3N,17.5,1004,2023-09-19
Unnamed,Cardiff Park Pond,SW24-55-25-W4,TGTR,Beitty/Bow River,3N,20,1550,2023-05-09
Unnamed,Cardiff Park Pond,SW24-55-25-W4,BNTR,Bow River,3N,9.1,7500,2023-09-28
Unnamed,"Castaway Trout
Pond",NE35-47-13-W4,RNTR,Trout Lodge/Kamloops,AF3N,21.6,1100,2023-05-19
Unnamed,"Castor Eastside
Trout Pond",SE34-37-14-W4,RNTR,Trout Lodge/Kamloops,AF3N,20.5,400,2023-05-02
Unnamed,Castor Eastside Trout Pond,SE34-37-14-W4,RNTR,Trout Lodge/Kamloops,AF3N,30,20,2023-05-02
Unnamed,Cecil Thompson Pond,SW23-83-21-W5,RNTR,Trout Lodge/Jumpers,AF3N,21.2,502,2023-05-24
Unnamed,"Cipperley's
Reservoir",SW8-32-1-W5,RNTR,Trout Lodge/Kamloops,AF3N,20.5,1200,2023-05-01
Unnamed,"Coleman Fish
And Game Pond",SW24-8-5-W5,CTTR,Job Lake,3N,16,1600,2023-05-17
Unnamed,Corner Lake,NW4-6-20-W4,RNTR,Campbell Lake,3N,20.1,1513,2023-09-25
Unnamed,Corner Lake,NW4-6-20-W4,RNTR,Trout Lodge/Jumpers,AF3N,20.5,2510,2023-04-18
Unnamed,"Coronation
Reservoir",SW24-36-11-W4,RNTR,Campbell Lake,2N,7.7,4000,2023-05-01
Unnamed,Coronation Reservoir,SW24-36-11-W4,RNTR,Campbell Lake,2N,20.1,2115,2023-05-02
Unnamed,County Sportplex Pond,NW14-72-6-W6,RNTR,Trout Lodge/Jumpers,3N,20.7,2000,2023-05-10
Unnamed,"Crossfield Trout
Pond",SE27-28-1-W5,RNTR,Trout Lodge/Jumpers,AF3N,21.3,703,2023-05-16
Unnamed,Dandurand Lake,NE9-53-19-W5,RNTR,Trout Lodge/Jumpers,AF3N,21.7,502,2023-05-23
Unnamed,Daysland Pond,NE9-45-16-W4,RNTR,Trout Lodge/Jumpers,AF3N,20,400,2023-05-04
Unnamed,Dewitt's Pond,SE31-26-1-W5,BNTR,Bow River,3N,18.7,2350,2023-05-03
Unnamed,Dewitt's Pond,SE31-26-1-W5,RNTR,Trout Lodge/Kamloops,AF3N,20.3,1100,2023-06-12
Unnamed,Dickson Trout Pond,NW13-35-3-W5,TGTR,Beitty/Bow River,3N,20.3,1700,2023-05-04
Unnamed,Dickson Trout Pond,NW13-35-3-W5,TGTR,Beitty/Bow River,3N,24.1,1200,2023-09-12
Unnamed,Dickson Trout Pond,NW13-35-3-W5,RNTR,Trout Lodge/Jumpers,AF3N,20.7,5020,2023-05-04
Unnamed,Dickson Trout Pond,NW13-35-3-W5,RNTR,Trout Lodge/Kamloops,AF3N,19.2,3011,2023-09-20
Unnamed,Dickson Trout Pond,NW13-35-3-W5,TGTR,Beitty/Bow River,3N,8.9,800,2023-09-12
Unnamed,Dickson Trout Pond,NW13-35-3-W5,RNTR,Trout Lodge/Kamloops,AF2N,17.6,4166,2023-05-04
Unnamed,Diplomat Mine Pond,NW1-41-16-W4,TGTR,Beitty/Bow River,3N,20,1500,2023-05-05
Unnamed,Diplomat Mine Pond,NW1-41-16-W4,RNTR,Campbell Lake,3N,17.5,1514,2023-09-19
Unnamed,Diplomat Mine Pond,NW1-41-16-W4,RNTR,Campbell Lake,2N,7.4,3000,2023-05-01
Unnamed,Diplomat Mine Pond,NW1-41-16-W4,RNTR,Campbell Lake,2N,20.2,1995,2023-05-05
Unnamed,East Pit Lake,SE23-53-4-W5,RNTR,Campbell Lake,2N,8.6,7000,2023-05-19
Unnamed,East Pit Lake,SE23-53-4-W5,RNTR,Pit Lake,2N,15.9,5394,2023-05-11
Unnamed,East Stormwater Pond,SE29-40-26-W4,RNTR,Trout Lodge/Kamloops,AF3N,20.5,1000,2023-05-10
Unnamed,East Stormwater Pond,SE29-40-26-W4,BNTR,Bow River,3N,18.8,100,2023-05-04
Unnamed,East Stormwater Pond,SE29-40-26-W4,RNTR,Trout Lodge/Jumpers,AF3N,25.3,500,2023-09-12
Unnamed,Elk Creek Pond,NW33-35-12-W5,RNTR,Trout Lodge/Jumpers,AF3N,21,251,2023-05-17
Unnamed,Elk Point Pond,NW36-56-7-W4,BKTR,Beitty Resort,3N,20.4,500,2023-05-15
Unnamed,Elk Point Pond,NW36-56-7-W4,TGTR,Beitty/Bow River,3N,19.9,150,2023-05-05
Unnamed,Elk Point Pond,NW36-56-7-W4,RNTR,Campbell Lake,2N,20.1,359,2023-05-05
Unnamed,Enchant Pond,NW8-14-18-W4,TGTR,Beitty/Bow River,3N,19.3,200,2023-04-21
Unnamed,Enchant Pond,NW8-14-18-W4,RNTR,Trout Lodge/Kamloops,AF3N,21.7,2200,2023-04-24
Unnamed,Fairview College Pond,SW34-81-3-W6,RNTR,Trout Lodge/Jumpers,AF3N,19.9,251,2023-05-10
Unnamed,Fiesta Lake,NE12-35-6-W5,RNTR,Trout Lodge/Jumpers,AF3N,20,276,2023-05-11
Unnamed,"Figure Eight
Lake",NE20-84-25-W5,RNTR,Trout Lodge/Jumpers,AF3N,20.3,4518,2023-05-09
Unnamed,Footner Pond,SE5-111-19-W5,RNTR,Trout Lodge/Jumpers,AF3N,20.4,251,2023-05-24
Unnamed,"Foremost
Reservoir",NW17-6-11-W4,RNTR,Trout Lodge/Kamloops,AF3N,21.7,2500,2023-04-25
Unnamed,"Fox Creek Trout
Pond",NW13-63-20-W5,RNTR,Trout Lodge/Jumpers,AF3N,21.5,251,2023-05-23
Unnamed,Genesee Trout Pond,NW1-51-3-W5,RNTR,Trout Lodge/Jumpers,AF3N,19.8,251,2023-05-04
Unnamed,Gibbons Pond,NE10-56-23-W4,RNTR,Trout Lodge/Kamloops,AF3N,20.5,300,2023-05-15
Unnamed,"Goldspring Park
Pond",NE6-2-15-W4,RNTR,Trout Lodge/Kamloops,AF3N,30,165,2023-04-25
Unnamed,"Goldspring Park
Pond",NE6-2-15-W4,RNTR,Trout Lodge/Kamloops,AF3N,20.5,2363,2023-05-19
Unnamed,"Goldspring Park
Pond",NE6-2-15-W4,RNTR,Trout Lodge/Kamloops,AF3N,20.2,2362,2023-05-31
Unnamed,Goldspring Park Pond,NE6-2-15-W4,RNTR,Trout Lodge/Kamloops,AF3N,21.7,2363,2023-04-25
Unnamed,Goldspring Park Pond,NE6-2-15-W4,RNTR,Trout Lodge/Kamloops,AF3N,30,165,2023-05-19
Unnamed,Goodwin Reservoir,NW5-22-2-W5,RNTR,Trout Lodge/Jumpers,AF3N,21,325,2023-06-16
Unnamed,Gooseberry Park Pond,NE22-36-6-W4,RNTR,Trout Lodge/Kamloops,AF3N,20.5,3500,2023-05-02
Unnamed,Granum Pond,NW31-10-26-W4,RNTR,Trout Lodge/Kamloops,AF3N,21.7,600,2023-04-25
Unnamed,"Hansen's
Reservoir",NE29-38-3-W5,RNTR,Trout Lodge/Kamloops,AF3N,23.4,505,2023-10-04
Unnamed,Hansen's Reservoir,NE29-38-3-W5,RNTR,Trout Lodge/Kamloops,AF3N,20.5,1000,2023-05-03
Unnamed,Harleck Pond,SE5-41-14-W5,RNTR,Trout Lodge/Jumpers,AF3N,21.3,400,2023-05-16
Unnamed,"Helmer
Reservoir",SW18-31-14-W4,RNTR,Trout Lodge/Kamloops,AF3N,19.2,1510,2023-09-20
Unnamed,Helmer Reservoir,SW18-31-14-W4,RNTR,Trout Lodge/Jumpers,AF3N,20.5,2510,2023-05-05
Unnamed,Heritage Lake,NW33-55-25-W4,BKTR,Beitty Resort,3N,20.2,1600,2023-05-01
Unnamed,Heritage Lake,NW33-55-25-W4,BNTR,Bow River,3N,18.5,500,2023-05-01
Unnamed,Heritage Lake,NW33-55-25-W4,RNTR,Trout Lodge/Jumpers,AF3N,20,2050,2023-05-01
Unnamed,Heritage Lake,NW33-55-25-W4,RNTR,Trout Lodge/Jumpers,AF3N,20.7,2000,2023-05-30
Unnamed,Heritage Lake,NW33-55-25-W4,RNTR,Trout Lodge/Kamloops,AF3N,21.1,1011,2023-09-19
Unnamed,"Hermitage Park
Pond",NE18-53-23-W4,BNTR,Bow River,3N,18,300,2023-05-10
Unnamed,Hermitage Park Pond,NE18-53-23-W4,RNTR,Trout Lodge/Jumpers,AF3N,21,2395,2023-05-10
Unnamed,Hermitage Park Pond,NE18-53-23-W4,RNTR,Trout Lodge/Kamloops,AF3N,21.7,1255,2023-06-08
Unnamed,"Highway 40
Pond",SW12-69-6-W6,RNTR,Trout Lodge/Jumpers,AF3N,19.9,502,2023-05-10
Unnamed,"Highway 63
Pond",NE35-87-9-W4,RNTR,Campbell Lake,2N,19.7,399,2023-05-09
Unnamed,Highway 686 Pond,NE17-85-19-W5,RNTR,Trout Lodge/Jumpers,AF3N,21.2,251,2023-05-24
Unnamed,"Hiller's
Reservoir",SE13-32-29-W4,RNTR,Campbell Lake,2N,20,2993,2023-05-01
Unnamed,Huber Reservoir,SW36-37-13-W4,TGTR,Beitty/Bow River,3N,19.9,1250,2023-05-02
Unnamed,Huber Reservoir,SW36-37-13-W4,RNTR,Campbell Lake,2N,7.7,4000,2023-05-01
Unnamed,Huber Reservoir,SW36-37-13-W4,RNTR,Campbell Lake,2N,20.1,2394,2023-05-02
Unnamed,Innisfree Trout Pond,SE13-51-12-W4,BKTR,Beitty Resort,3N,20.3,600,2023-05-03
Unnamed,Innisfree Trout Pond,SE13-51-12-W4,RNTR,Trout Lodge/Jumpers,AF3N,20.6,400,2023-05-03
Unnamed,"Irma Fish And
Game Pond",SW34-45-9-W4,RNTR,Trout Lodge/Jumpers,AF3N,20.5,200,2023-05-05
Unnamed,Irma Fish And Game Pond,SW34-45-9-W4,BKTR,Beitty/Bow River,3N,20,300,2023-05-05
Unnamed,"Jarvis Creek
Pond",NE19-52-26-W5,RNTR,Trout Lodge/Jumpers,AF3N,20.3,351,2023-05-25
Unnamed,Kerbe's Pond,NE19-36-20-W4,TGTR,Beitty/Bow River,3N,19.9,1000,2023-05-02
Unnamed,Kerbe's Pond,NE19-36-20-W4,BNTR,Bow River,3N,19,250,2023-05-02
Unnamed,Kerbe's Pond,NE19-36-20-W4,RNTR,Trout Lodge/Jumpers,AF3N,20.3,502,2023-05-02
Unnamed,Kerbe's Pond,NE19-36-20-W4,RNTR,Trout Lodge/Jumpers,AF3N,25.6,500,2023-09-19
Unnamed,Kinglet Lake,NW35-35-18-W5,CTTR,Job Lake,3N,17.1,250,2023-09-07
Unnamed,"Kraft Wimborne
Pond",SE28-33-26-W4,TGTR,Beitty/Bow River,3N,20.2,70,2023-05-03
Unnamed,"Kraft Wimborne
Pond",SE28-33-26-W4,RNTR,Trout Lodge/Jumpers,AF3N,20.6,100,2023-05-03
Unnamed,"Kraft Wimborne
Pond",SE28-33-26-W4,RNTR,Trout Lodge/Kamloops,AF3N,20.5,480,2023-05-01
Unnamed,Kraft Wimborne Pond,SE28-33-26-W4,BKTR,Beitty Resort,3N,20.4,230,2023-05-03
Unnamed,Kramer Pond,SW25-45-6-W5,RNTR,Trout Lodge/Jumpers,AF3N,21.1,1757,2023-05-12
Unnamed,Kramer Pond,SW25-45-6-W5,RNTR,Trout Lodge/Kamloops,AF3N,20.9,503,2023-09-20
Unnamed,La Crete Pond,SW15-106-12-W5,RNTR,Trout Lodge/Jumpers,AF3N,21.4,641,2023-05-24
Unnamed,La Crete Pond,SW15-106-12-W5,RNTR,Trout Lodge/Jumpers,AF3N,20.1,112,2023-05-24
Unnamed,"Lacombe Park
Pond",NW5-54-25-W4,BKTR,Beitty Resort,3N,21,600,2023-04-15
Unnamed,Lacombe Park Pond,NW5-54-25-W4,RNTR,Trout Lodge/Jumpers,AF3N,20.6,500,2023-05-04
Unnamed,Lamont Pond,SW27-55-19-W4,RNTR,Trout Lodge/Kamloops,AF3N,20.5,2000,2023-05-15
Unnamed,Lara Fish Pond,NE25-61-5-W4,RNTR,Campbell Lake,2N,20.2,160,2023-05-05
Unnamed,Leduc Reservoir,NE27-49-25-W4,RNTR,Campbell Lake,2N,20.3,1995,2023-05-04
Unnamed,Legal Reservoir,NW24-57-25-W4,RNTR,Trout Lodge/Jumpers,AF3N,19.9,1150,2023-05-12
Unnamed,Legal Reservoir,NW24-57-25-W4,RNTR,Trout Lodge/Jumpers,AF3N,20.4,300,2023-05-24
Unnamed,"Len Thompson
Pond",NW29-40-26-W4,TGTR,Beitty/Bow River,3N,20.6,650,2023-05-04
Unnamed,"Len Thompson
Pond",NW29-40-26-W4,RNTR,Trout Lodge/Jumpers,AF3N,20.6,575,2023-05-04
Unnamed,"Len Thompson
Pond",NW29-40-26-W4,RNTR,Trout Lodge/Jumpers,AF3N,25.3,1000,2023-09-12
Unnamed,"Len Thompson
Pond",NW29-40-26-W4,RNTR,Trout Lodge/Kamloops,AF3N,32.1,100,2023-06-03
Unnamed,Len Thompson Pond,NW29-40-26-W4,RNTR,Trout Lodge/Kamloops,AF3N,20.5,1500,2023-05-17
Unnamed,Little Beaverdam Lake,SE34-1-28-W4,TGTR,Beitty/Bow River,3N,20.4,1000,2023-05-18
Unnamed,"Lloydminster
Pond",SE6-50-1-W4,RNTR,Campbell Lake,2N,20.1,200,2023-05-05
Unnamed,Lodgepole Pond,NE1-48-10-W5,RNTR,Trout Lodge/Jumpers,AF3N,20,100,2023-05-26
Unnamed,Lougheed Trout Pond,NE33-43-11-W4,RNTR,Trout Lodge/Kamloops,AF3N,20.5,700,2023-05-19
Unnamed,Lovett Lake,NW10-47-19-W5,RNTR,Trout Lodge/Kamloops,AF3N,20.3,502,2023-10-03
Unnamed,Machesis Lake,NW27-107-16-W5,RNTR,Trout Lodge/Jumpers,AF3N,20.4,2008,2023-05-24
Unnamed,"Magrath
Childrens Pond",SW26-5-22-W4,RNTR,Trout Lodge/Kamloops,AF3N,21.7,500,2023-04-24
Unnamed,Magrath Childrens Pond,SW26-5-22-W4,RNTR,Trout Lodge/Kamloops,AF3N,30,40,2023-04-24
Unnamed,Mayan Lake,NW5-57-23-W5,RNTR,Trout Lodge/Kamloops,AF3N,20.3,948,2023-10-04
Unnamed,McClennan Reservoir,SW32-77-19-W5,RNTR,Trout Lodge/Jumpers,AF3N,21.5,251,2023-05-23
Unnamed,McLaren's Reservoir,SW23-33-18-W4,RNTR,Trout Lodge/Jumpers,AF3N,20.3,2811,2023-05-01
Unnamed,"McQuillan
Reservoir",SW13-8-19-W4,RNTR,Trout Lodge/Jumpers,AF3N,21.6,2225,2023-04-21
Unnamed,McQuillan Reservoir,SW13-8-19-W4,RNTR,Trout Lodge/Kamloops,AF3N,20.2,1575,2023-05-31
Unnamed,"McVinnie
Reservoir",SW33-12-21-W4,TGTR,Beitty/Bow River,3N,19.3,400,2023-04-21
Unnamed,"McVinnie
Reservoir",SW33-12-21-W4,RNTR,Trout Lodge/Jumpers,AF3N,21.6,1155,2023-04-21
Unnamed,McVinnie Reservoir,SW33-12-21-W4,RNTR,Trout Lodge/Kamloops,AF3N,20.2,2945,2023-05-29
Unnamed,"Md Peace Pond
#1",SW27-83-23-W5,RNTR,Trout Lodge/Jumpers,AF3N,21.2,502,2023-05-24
Unnamed,"Md Peace Pond
#2",SW27-83-23-W5,RNTR,Trout Lodge/Jumpers,AF3N,21.2,502,2023-05-24
Unnamed,Midway Reservoir,SE16-30-27-W4,RNTR,Trout Lodge/Kamloops,AF3N,20.5,2000,2023-05-01
Unnamed,Mile 07 Lake,NE35-69-14-W4,RNTR,Campbell Lake,2N,20,1263,2023-05-12
Unnamed,Mile 07 Lake,NE35-69-14-W4,RNTR,Campbell Lake,2N,20.1,1131,2023-05-12
Unnamed,Mile 07 Lake,NE35-69-14-W4,RNTR,Pit Lake,2N,16,1860,2023-05-12
Unnamed,Mirror Reservoir,SW29-40-22-W4,BNTR,Bow River,3N,18.9,245,2023-05-03
Unnamed,Mitford Ponds,SE4-26-4-W5,BNTR,Bow River,3N,19.1,61,2023-05-03
Unnamed,Mitford Ponds,SE4-26-4-W5,RNTR,Trout Lodge/Jumpers,AF3N,20.5,250,2023-05-03
Unnamed,Mitford Ponds,SE4-26-4-W5,RNTR,Trout Lodge/Kamloops,AF3N,20.3,385,2023-06-13
Unnamed,"Morinville Fish
and Game Pond",NW4-56-25-W4,BNTR,Bow River,3N,18.8,100,2023-05-01
Unnamed,"Morinville Fish
and Game Pond",NW4-56-25-W4,RNTR,Trout Lodge/Jumpers,AF3N,20.1,1425,2023-05-01
Unnamed,Morinville Fish and Game Pond,NW4-56-25-W4,RNTR,Trout Lodge/Kamloops,AF3N,21.1,512,2023-09-19
Unnamed,"Mound Red
Reservoir",NW11-45-28-W4,RNTR,Trout Lodge/Kamloops,AF3N,20.5,3100,2023-05-17
Unnamed,Mound Red Reservoir,NW11-45-28-W4,RNTR,Trout Lodge/Kamloops,AF3N,30,100,2023-05-17
Unnamed,Muskoseepi Pond,SE26-71-6-W6,RNTR,Trout Lodge/Jumpers,AF3N,19.9,251,2023-05-10
Unnamed,Nardam Lake,NE17-78-5-W6,BNTR,Bow River,3N,18.8,100,2023-05-01
Unnamed,Nardam Lake,NE17-78-5-W6,RNTR,Trout Lodge/Jumpers,AF3N,20,1425,2023-05-01
Unnamed,Nardam Lake,NE17-78-5-W6,RNTR,Trout Lodge/Jumpers,AF3N,19.9,251,2023-05-10
Unnamed,"Nicholas Sheran
Park Pond",SE26-8-22-W4,BKTR,Beitty Resort,2N,45,236,2023-04-17
Unnamed,"Nicholas Sheran
Park Pond",SE26-8-22-W4,BKTR,Beitty Resort,2N,45,235,2023-04-24
Unnamed,"Nicholas Sheran
Park Pond",SE26-8-22-W4,BNTR,Bow River,3N,18.2,1000,2023-04-18
Unnamed,"Nicholas Sheran
Park Pond",SE26-8-22-W4,RNTR,Campbell Lake,2N,20.1,798,2023-04-18
Unnamed,Nicholas Sheran Park Pond,SE26-8-22-W4,BKTR,Beitty Resort,3N,18.9,1000,2023-04-18
Unnamed,Niton Lake,SE32-53-12-W5,RNTR,Trout Lodge/Jumpers,AF3N,21.7,753,2023-05-19
Unnamed,"Nordegg Borrow
Pit (East)",SE32-40-15-W5,RNTR,Trout Lodge/Jumpers,AF3N,21.8,151,2023-05-16
Unnamed,"Nordegg Borrow
Pit (West)",SW32-40-15-W5,RNTR,Trout Lodge/Jumpers,AF3N,21.3,201,2023-05-16
Unnamed,Nose Creek Pond,NE1-27-1-W5,RNTR,Trout Lodge/Kamloops,AF3N,20.5,400,2023-05-16
Unnamed,Nuggent Pond,SE14-44-3-W5,RNTR,Trout Lodge/Kamloops,AF3N,20.1,350,2023-06-15
Unnamed,Nuggent Pond,SE14-44-3-W5,RNTR,Trout Lodge/Kamloops,AF3N,20.5,350,2023-05-17
Unnamed,"Open Creek
Reservoir",NE25-42-6-W5,RNTR,Campbell Lake,2N,50,20,2023-05-09
Unnamed,"Open Creek
Reservoir",NE25-42-6-W5,RNTR,Riverance,AF3N,14.2,2000,2023-09-12
Unnamed,Open Creek Reservoir,NE25-42-6-W5,RNTR,Campbell Lake,2N,20.2,4000,2023-05-17
Unnamed,Oyen (Concrete Plant) Pond,NW34-27-4-W4,RNTR,Trout Lodge/Kamloops,AF3N,20.5,350,2023-05-02
Unnamed,Oyen Reservoir,NE33-30-4-W4,RNTR,Trout Lodge/Kamloops,AF3N,20.5,300,2023-05-02
Unnamed,"Pine Coulee
Reservoir",NE15-14-28-W4,RNTR,Trout Lodge/Jumpers,AF3N,20.9,3765,2023-04-24
Unnamed,Pine Coulee Reservoir,NE15-14-28-W4,RNTR,Riverance,AF3N,13.4,30000,2023-09-08
Unnamed,Pit 24,NE4-47-19-W5,BNTR,Bow River,3N,20.9,250,2023-10-03
Unnamed,Pit 24,NE4-47-19-W5,RNTR,Trout Lodge/Kamloops,AF3N,20.3,377,2023-10-03
Unnamed,Pit 35,SW26-46-19-W5,RNTR,Trout Lodge/Kamloops,AF3N,20.5,196,2023-10-02
Unnamed,Pit 44,SW35-46-19-W5,RNTR,Trout Lodge/Kamloops,AF3N,20.7,552,2023-10-02
Unnamed,Pit 45,SE26-46-19-W5,RNTR,Trout Lodge/Kamloops,AF3N,20.7,552,2023-10-02
Unnamed,"Pleasure Island
Reservoir",SW20-46-19-W4,TGTR,Beitty/Bow River,3N,20.5,200,2023-04-28
Unnamed,"Pleasure Island
Reservoir",SW20-46-19-W4,BNTR,Bow River,3N,18.5,160,2023-04-28
Unnamed,"Pleasure Island
Reservoir",SW20-46-19-W4,RNTR,Trout Lodge/Jumpers,AF3N,20.6,200,2023-04-28
Unnamed,Pleasure Island Reservoir,SW20-46-19-W4,BKTR,Beitty Resort,3N,19.7,750,2023-04-28
Unnamed,Pleasure Island Reservoir,SW20-46-19-W4,RNTR,Trout Lodge/Kamloops,AF3N,20.1,1100,2023-06-15
Unnamed,Pleasure Island Reservoir,SW20-46-19-W4,RNTR,Trout Lodge/Kamloops,AF3N,20.9,605,2023-09-20
Unnamed,"Ponoka Centennial Park
Pond",NE5-43-25-W4,TGTR,Beitty/Bow River,3N,20.6,100,2023-05-04
Unnamed,Ponoka Centennial Park Pond,NE5-43-25-W4,RNTR,Trout Lodge/Kamloops,AF3N,20.5,1000,2023-05-10
Unnamed,Radway Fish Pond,SE31-58-20-W4,RNTR,Trout Lodge/Jumpers,AF3N,19.9,1000,2023-05-12
Unnamed,"Rainbow Lake
Pond",NE25-109-9-W6,RNTR,Trout Lodge/Jumpers,AF3N,24.9,251,2023-09-15
Unnamed,Riverstone Pond,SW24-8-22-W4,RNTR,Campbell Lake,3N,20.3,512,2023-09-22
Unnamed,Riverstone Pond,SW24-8-22-W4,RNTR,Trout Lodge/Jumpers,AF3N,21.1,919,2023-04-18
Unnamed,Riverstone Pond,SW24-8-22-W4,RNTR,Trout Lodge/Jumpers,AF3N,20.2,512,2023-09-22
Unnamed,"Severn Creek
Reservoir",NW12-26-22-W4,RNTR,Trout Lodge/Jumpers,AF3N,20.2,2811,2023-04-26
Unnamed,"Shell True North
Pond",SW10-79-8-W6,BKTR,Beitty Resort,3N,19.3,590,2023-05-10
Unnamed,Shell True North Pond,SW10-79-8-W6,TGTR,Beitty/Bow River,2N,21.4,50,2023-05-10
Unnamed,Shemeluk Lake,SW25-60-17-W4,RNTR,Pit Lake,2N,17,2790,2023-05-18
Unnamed,Shuster Lake,NE26-43-5-W4,BKTR,Beitty Resort,3N,21.4,1500,2023-05-31
Unnamed,Shuster Lake,NE26-43-5-W4,BKTR,Beitty Resort,3N,21.4,1500,2023-06-01
Unnamed,Silkstone Lake,NE9-47-19-W5,RNTR,Trout Lodge/Kamloops,AF3N,20.3,616,2023-10-03
Unnamed,Spring Coulee Park Pond,NE12-5-24-W4,RNTR,Trout Lodge/Jumpers,AF3N,21.6,1255,2023-04-25
Unnamed,Spring Lake,NE23-75-11-W6,RNTR,Trout Lodge/Kamloops,AF3N,17.4,3034,2023-05-23
Unnamed,"St. Paul Fish
Pond",SE9-58-9-W4,BNTR,Bow River,3N,19.5,400,2023-05-03
Unnamed,"St. Paul Fish
Pond",SE9-58-9-W4,RNTR,Campbell Lake,2N,20.3,718,2023-05-03
Unnamed,St. Paul Fish Pond,SE9-58-9-W4,TGTR,Beitty/Bow River,3N,18.9,300,2023-05-03
Unnamed,St. Paul Fish Pond,SE9-58-9-W4,RNTR,Trout Lodge/Kamloops,AF3N,21.1,304,2023-09-19
Unnamed,"Stirling
Children's Pond",SW29-6-19-W4,RNTR,Trout Lodge/Kamloops,AF3N,21.7,1000,2023-04-27
Unnamed,"Strathmore
Children's Pond",SW14-24-25-W4,TGTR,Beitty/Bow River,3N,19.6,150,2023-04-26
Unnamed,Strathmore Children's Pond,SW14-24-25-W4,RNTR,Trout Lodge/Kamloops,AF3N,21.7,1400,2023-04-27
Unnamed,"Taber Trout
Pond",NW1-10-17-W4,RNTR,Trout Lodge/Kamloops,AF3N,21.7,2690,2023-04-27
Unnamed,Taber Trout Pond,NW1-10-17-W4,RNTR,Trout Lodge/Kamloops,AF3N,20.2,2500,2023-05-29
Unnamed,Tamarack Lake,NE10-66-12-W5,RNTR,Trout Lodge/Jumpers,AF3N,8.5,8000,2023-10-11
Unnamed,"Telegraph Park
Pond",NW32-48-21-W4,BKTR,Beitty Resort,3N,20.7,1200,2023-05-08
Unnamed,"Telegraph Park
Pond",NW32-48-21-W4,RNTR,Trout Lodge/Jumpers,AF3N,20.6,1100,2023-04-28
Unnamed,"Telegraph Park
Pond",NW32-48-21-W4,RNTR,Trout Lodge/Kamloops,AF3N,20.9,506,2023-09-20
Unnamed,Telegraph Park Pond,NW32-48-21-W4,BNTR,Bow River,3N,18.3,193,2023-04-28
Unnamed,Texaco East Pond,NW15-88-8-W4,RNTR,Campbell Lake,2N,19.7,1077,2023-05-08
Unnamed,Texaco Pond,SW20-88-8-W4,RNTR,Campbell Lake,2N,20.5,599,2023-05-09
Unnamed,"Tim Horton
Children's Pond",NW14-24-8-W5,RNTR,Trout Lodge/Jumpers,AF3N,21.8,602,2023-05-19
Unnamed,Two Hills Pond,SW32-54-12-W4,RNTR,Trout Lodge/Kamloops,AF3N,20.5,700,2023-05-15
Unnamed,"Valleyview
Children's Pond",NE21-70-22-W5,RNTR,Trout Lodge/Jumpers,AF3N,21.5,251,2023-05-23
Unnamed,"Vegreville
Children's Pond",NW17-52-14-W4,RNTR,Trout Lodge/Kamloops,AF3N,20.5,675,2023-05-18
Unnamed,"Vegreville Trout
Pond",SW7-52-14-W4,RNTR,Riverance,AF3N,14.4,4000,2023-09-19
Unnamed,Vegreville Trout Pond,SW7-52-14-W4,RNTR,Campbell Lake,2N,7.5,7000,2023-05-01
Unnamed,Vegreville Trout Pond,SW7-52-14-W4,RNTR,Campbell Lake,2N,20,3990,2023-05-03
Unnamed,"Wallace Park
Pond",NE31-44-6-W4,RNTR,Trout Lodge/Kamloops,AF3N,20.5,500,2023-05-19
Unnamed,Weberville Pond,NW7-85-21-W5,RNTR,Trout Lodge/Jumpers,AF3N,21.2,502,2023-05-24
Unnamed,"Wetaskiwin
Pond",NE24-46-24-W4,RNTR,Trout Lodge/Jumpers,AF3N,20,300,2023-05-04
Unnamed,Wetaskiwin Pond,NE24-46-24-W4,BKTR,Beitty Resort,3N,20.7,250,2023-05-08
Unnamed,Whitecourt Town Pond,NE35-59-12-W5,RNTR,Trout Lodge/Jumpers,AF3N,20.3,753,2023-05-09
Unnamed,Wildwood Pond,SW30-53-9-W5,RNTR,Trout Lodge/Jumpers,AF3N,21.7,753,2023-05-19
Unnamed,Winchell Lake,NW2-29-5-W5,RNTR,Campbell Lake,3N,19.9,4000,2023-05-17
Unnamed,Wolf Creek Pond,SW13-53-16-W5,RNTR,Trout Lodge/Jumpers,AF3N,21.4,377,2023-05-23
Unnamed,"Zama
Community Pond",SW18-117-4-W6,RNTR,Trout Lodge/Jumpers,AF3N,20.4,251,2023-05-24
Victor Lake,,SW35-56-8-W6,RNTR,Trout Lodge/Kamloops,AF3N,17.4,7110,2023-05-30
Watridge Lake,,SW11-22-11-W5,CTTR,Allison Creek,2N,28.6,800,2023-09-06
Watridge Lake,,SW11-22-11-W5,CTTR,Allison Creek,2N,16.8,700,2023-09-06
West Dollar Lake,,SE18-73-21-W5,BNTR,Bow River,3N,18.6,250,2023-05-09
West Dollar Lake,,SE18-73-21-W5,RNTR,Trout Lodge/Jumpers,AF3N,18.6,502,2023-05-09
West Rivers Edge Pond,Fort Lions Park Pond,NE23-54-23-W4,TGTR,Beitty/Bow River,3N,19.5,200,2023-05-16
West Rivers Edge Pond,Fort Lions Park Pond,NE23-54-23-W4,TGTR,Beitty/Bow River,3N,19.5,250,2023-05-16
West Rivers Edge Pond,Fort Lions Park Pond,NE23-54-23-W4,BNTR,Bow River,3N,18,250,2023-05-16
West Rivers Edge Pond,Fort Lions Park Pond,NE23-54-23-W4,RNTR,Trout Lodge/Jumpers,AF3N,21.6,600,2023-05-16
West Rivers Edge Pond,Fort Lions Park Pond,NE23-54-23-W4,RNTR,Trout Lodge/Kamloops,AF3N,30,100,2023-06-08
West Rivers Edge Pond,Fort Lions Park Pond,NE23-54-23-W4,RNTR,Trout Lodge/Kamloops,AF3N,21.7,1700,2023-06-08
"Whiteridge
Recreation Area Pond",Blueridge Pit,SW1-60-10-W5,RNTR,Trout Lodge/Jumpers,AF3N,20.3,1054,2023-05-09
Wildhorse Lakes,"Lower
Wildhorse Lake",SW31-49-26-W5,RNTR,Trout Lodge/Kamloops,AF3N,17.9,3555,2023-05-25
Wildhorse Lakes,Lower Wildhorse Lake,SW31-49-26-W5,BKTR,Beitty Resort,3N,5.4,2500,2023-05-25
Windsor Lake,,SW10-42-22-W4,RNTR,Trout Lodge/Kamloops,AF3N,20.5,4300,2023-05-10
Yellowhead Lake,,SW33-34-6-W5,BKTR,Beitty Resort,3N,20,4000,2023-06-12
